,date,SPY,KLAC,DAIO,ADBE,HCSG,HOLX,CSCO,SEIC,KTCC,CTAS,XLNX,CELG,TROW,LYTS,LRCX
0,11/3/14,190.70874,79.97,3.42,69.8,30.19,26.865,24.5001,38.265,8.45,72.64,44.3,107.08,81.8931,6.98,78.94
1,11/4/14,190.047104,80.26,3.45,70.96,30.27,27.06,24.833,38.63,8.75,71.695,43.73,105.83,82.84,7.17,79.53
2,11/5/14,191.247437,81.03,3.346,71.22,30.38,26.47,25.115,38.62,8.84,70.47,44.0675,104.52,82.975,7.17,79.49
3,11/6/14,192.013077,80.91,3.1999,72.15,30.75,26.55,25.2435,38.92,8.82,71,44.06,106.67,82.02,7.15,79.32
4,11/7/14,192.192642,79.72,3.35,71.51,30.64,26.18,25.25,39.145,8.6123,71.075,43.49,106.15,82.97,6.76,78.65
5,11/10/14,192.797531,80.5,3.2064,71.68,30.65,26.52,25.135,39.35,8.78,71.135,43.64,107.97,82.8,7.39,79.89
6,11/11/14,192.986572,80.04,3.22,71.68,30.98,26.52,25.06,39.49,8.689,70.98,43.32,107.45,82.96,7.21,80.02
7,11/12/14,192.778671,79.72,3.18,71.5501,31.05,26.61,24.965,39.51,8.57,71.3925,43.33,108.35,82.63,7.26,79.05
8,11/13/14,192.996063,79.39,3.19,71.67,30.68,26.48,25.63,39.55,8.63,71.28,42.86,107.01,82.47,7.1,78.49
9,11/14/14,193.043335,80.24,3.2544,71.46,30.4,26.315,26.305,39.25,8.565,71.85,43.58,103.96,82.13,7.08,79.75
10,11/17/14,193.166183,78.92,3.35,70.08,30.06,26.32,26.53,38.99,8.57,71.79,43.41,104.33,81.89,6.79,77.77
11,11/18/14,194.281494,80.88,3.39,70.83,30.3997,26.67,26.69,38.995,8.3,72.06,44.42,106.685,82.2001,6.75,79.55
12,11/19/14,193.969589,81.06,3.5032,70.74,29.99,26.32,26.59,38.81,8.1001,71.87,44.225,107.02,82,6.63,78.5
13,11/20/14,194.30986,81.21,3.49,70.4,29.8,26.4,26.815,38.73,8.16,72.015,44.25,107.18,82.06,6.75,78.5905
14,11/21/14,195.349518,81.2,3.48,71.435,30,26.525,26.8321,39.08,8.3001,72.01,44.79,108.39,82.76,6.93,78.7575
15,11/24/14,195.897736,83.69,3.4,71.2,30.31,26.62,26.985,39.65,8.2,72.78,44.66,110.67,83.1442,6.945,80.12
16,11/25/14,195.755997,84.03,3.57,72.17,30.2,26.6,27.269,39.59,8.164,73.09,44.5,111.123,83.32,7,80.825
17,11/26/14,196.256912,67.18,3.62,72.9064,30.25,26.45,27.44,39.6,8.12,73.08,45.431,112.36,83.09,6.84,81.99
18,11/28/14,195.841049,69.21,3.68,73.6906,30.1564,26.8054,27.54,39.6379,8.22,73.151,45.44,113.21,83.471,6.7392,82.7712
19,12/1/14,194.47998,69.1341,3.62,73.89,30.3,26.44,27.555,39.495,8.07,72.24,45.3,113.785,82.93,6.76,81.75
20,12/2/14,195.737061,68.685,3.69,73.545,30.185,26.4606,27.87,39.68,8,72.3,45.79,115.25,83.38,6.76,82.36
21,12/3/14,196.493225,71.01,3.6332,73.3701,30.32,26.62,27.98,40.01,8,73.18,46.85,114.123,83.77,6.86,84.24
22,12/4/14,196.275803,70.2,3.56,72.9,30.04,26.4718,27.74,39.84,8.08,72.6,46.85,113.06,83.3566,6.92,84.04
23,12/5/14,196.597168,70.75,3.6491,72.6,30.32,26.53,27.5,40.635,7.97,72.99,47.2,114.09,84.45,7.04,84.39
24,12/8/14,195.283371,69.58,3.5,71.98,29.8,26.62,27.23,40.905,8,73,46.87,118.36,84.94,6.66,82.22
25,12/9/14,195.151062,69.84,3.4799,71.36,30.35,26.91,27.425,40.61,8.0601,73.32,47.085,118.79,84.556,6.86,81.95
26,12/10/14,192.022507,69.29,3.53,70.21,29.63,26.58,26.91,40.28,8.037,72.22,46.6101,116.26,84.1824,6.7,80.05
27,12/11/14,192.996063,69.82,3.49,69.84,29.51,26.54,27.23,40.46,7.96,73.1,46.2801,117.374,84.67,6.65,80.19
28,12/12/14,189.876953,69.135,3.35,76.74,29.44,25.95,26.9775,39.76,7.96,71.54,45.47,115.14,82.86,6.53,78.763
29,12/15/14,188.572586,67.61,3.33,73.04,29.55,25.61,26.635,39.34,7.93,71.47,44.31,111.91,82.45,6.34,78.48
30,12/16/14,187.060333,67.02,3.32,72.92,30.45,25.81,26.8072,39.26,8,71.9,43.89,111.19,82.19,6.56,77.37
31,12/17/14,190.7276,67.55,3.31,73.95,30.56,26.28,26.78,39.62,8.08,72.63,43.38,112.35,83.7,6.5,78.05
32,12/18/14,195.444077,69.17,3.4,74.8,30.835,26.8,27.51,40.0301,8.08,74.5,43.51,115.79,85.9,6.5,80.3097
33,12/19/14,196.275574,69.66,3.4499,74.69,30.86,27.01,27.795,39.92,8.07,79.025,43.015,118.02,87,6.49,80.2801
34,12/22/14,197.178436,72.09,3.38,74.49,31.2499,27.05,28.19,40.47,8,79.785,43.865,113.46,87.04,6.45,81.44
35,12/23/14,197.444565,72.53,3.5,74.325,31.31,26.88,28.29,40.43,8.04,79.665,43.94,106.58,87.69,6.47,81.67
36,12/24/14,197.463577,72.0056,3.35,74.7251,31.3338,26.8932,28.3,40.5849,7.99,79.8143,44.0762,109.27,87.3225,6.6408,81.1138
37,12/26/14,198.100327,71.91,3.3501,74.86,31.83,26.99,28.395,40.6296,8.02,79.81,43.97,113.87,87.37,6.65,81.08
38,12/29/14,198.366455,71.66,3.3551,74.09,31.8,26.96,28.495,40.51,8.08,79.6,43.835,114.255,87.3,6.68,80.7499
39,12/30/14,197.302017,71.27,3.4399,72.95,31.59,26.93,28.345,40.53,8.0965,79.04,43.59,113.598,86.93,6.59,79.72
40,12/31/14,195.344193,70.95,3.2401,73.07,31.05,26.965,28.009,40.35,7.94,78.95,43.56,112.61,86.51,6.86,79.92
41,1/2/15,195.239655,70.3999,3.39,72.45,30.77,26.21,27.575,39.56,8.31,78.24,43.645,113.19,85.79,6.61,79.56
42,1/5/15,191.713669,69.04,3.46,72.08,30.28,26.13,27.12,38.85,8.19,77,42.95,112.109,83.82,6.48,78.76
43,1/6/15,189.907928,67.28,3.36,71.06,30.62,25.93,27.3765,38.6,8.05,77.165,42.49,111.42,82.58,6.314,77.83
44,1/7/15,192.274399,67.57,3.26,71.05,30.2101,26.17,27.33,38.77,8.04,76.64,42.206,114.265,83.38,6.16,77.38
45,1/8/15,195.68634,68.93,3.23,73.0399,30.85,26.87,27.76,39.51,8.14,77.74,43.21,115.165,84.5,6.229,79.46
46,1/9/15,194.118179,69.33,3.27,71.9501,30.83,26.85,27.94,39.81,8.53,77.01,43.24,114.085,83.94,6.35,79.78
47,1/12/15,192.597565,66.83,3.28,71.021,30.54,28.65,27.955,39.85,8.6,76.54,42.48,117.23,82.84,6.22,77.385
48,1/13/15,192.055832,65.68,3.18,70.33,30.53,28.67,27.98,39.73,8.59,77.16,41.72,119.12,82.9782,6.15,76.1212
49,1/14/15,190.896347,65.66,3.24,70.04,30.9001,29.08,27.95,39.62,8.28,77.49,41.55,121.18,81.9,6.25,76.1775
50,1/15/15,189.147629,67.25,0,70.43,30.64,28.7767,27.54,39.21,8.21,77.84,41.14,118.49,81.1855,5.99,76.99
51,1/16/15,191.628159,67.63,3.27,71.26,30.86,28.93,27.635,39.24,8.19,78.65,41.11,121.05,80.9,6.12,77.29
52,1/20/15,192.036804,68.98,3.13,71.75,31.08,29.3,28.13,39.55,8.068,78.89,41.12,123.09,81.46,6.24,78.65
53,1/21/15,193.006226,69.42,3.19,71.42,30.7,29.3901,27.79,39.44,8.0101,79.34,41.485,121.78,81.28,6.22,79.945
54,1/22/15,195.876434,70.84,3.15,73.52,31.41,29.57,28.475,40.42,8.25,79.84,38.99,123.36,83.34,6.54,80.6214
55,1/23/15,194.802475,65.56,3.19,74,31.69,29.43,28.225,40.48,8.41,79.78,39.195,123.61,82.39,6.47,80.52
56,1/26/15,195.258652,64.92,3.23,72.65,31.65,29.49,28,40.83,8.28,79.99,38.96,123.56,82.65,6.74,80.98
57,1/27/15,192.68309,63.57,3.1759,71.64,31.44,29.58,27.05,40.47,8.4993,79.785,39.31,122.7,81.9436,6.8,80.435
58,1/28/15,190.212036,63.1,3.17,70.58,31.23,29.625,26.9801,40.6,9.12,78.83,39.0501,120.07,79.65,6.71,80.24
59,1/29/15,191.970276,63.41,3.1501,71.6708,31.8327,31.13,27.23,40.51,9.15,79.93,39.07,120.48,78.98,7.345,79.855
60,1/30/15,189.556274,61.77,3.15,70.64,31.5,30.49,26.41,40.35,9.18,79.19,38.705,119.67,79.05,7.31,76.9
61,2/2/15,191.903763,61.435,3.1,70.52,31.63,30.06,26.675,40.4,9.33,79.32,38.64,117.431,79.5,7.32,76.19
62,2/3/15,194.678925,63.33,3.13,71.83,31.72,30.5701,27.04,41.1,9.3,80.71,39.22,117.39,81.07,7.36,77.19
63,2/4/15,193.937622,63.63,3.1499,72.51,32.66,30.265,26.87,41.99,9.64,80.41,40.1101,117.52,81.75,7.39,77.78
64,2/5/15,195.895416,63.15,3.15,72.96,32.86,30.3,27.22,42.3025,9.59,80.53,39.5,120.32,82.02,7.7175,77.74
65,2/6/15,195.353714,62.43,3.15,72.32,33.3363,29.87,27.22,42.04,9.72,79.79,39.305,118.34,82.07,7.72,77.84
66,2/9/15,194.47934,62.27,3.15,72.49,33.394,29.98,27.17,41.91,9.63,79.63,39.495,118.39,81.46,7.6,77.57
67,2/10/15,196.551193,63.705,3.15,72.82,32.9999,30.03,27.485,42.59,9.62,80.6,40.14,120.71,82.31,7.55,80.36
68,2/11/15,196.665237,64.22,3.15,73.07,32.78,30.19,27.15,42.9,9.5,81.09,39.9518,118.119,82.1901,7.525,80.65
69,2/12/15,198.556534,63.73,3.13,74.45,33.19,30.25,29.41,43.11,9.77,82.09,40.86,115.71,82.15,7.595,80.84
70,2/13/15,199.373856,63.82,3.18,76.49,33.24,30.445,29.4,43.22,9.69,81.6,41.4,115.396,82.41,7.98,81.956
71,2/17/15,199.687485,63.97,3.2,76.96,33.13,30.54,29.27,43.115,9.67,81.79,41.87,116.1,82.46,8.065,81.835
72,2/18/15,199.706497,64.47,3.2,77.9601,32.945,30.84,29.39,43.22,9.74,81.88,41.71,118.39,81.65,7.88,82.12
73,2/19/15,199.56395,64.73,3.19,77.68,32.6,31.65,29.335,42.85,9.6801,81.85,41.54,120.371,82.94,8.04,83.14
74,2/20/15,200.761444,64.87,3.1999,78.385,32.71,31.73,29.59,43.27,9.8,82.41,41.66,123.48,83.505,7.98,83.87
75,2/23/15,200.732956,64.47,3.17,77.95,32.83,31.725,29.545,42.94,9.79,82.4,41.105,123.52,82.98,7.89,82.9
76,2/24/15,201.303162,66.31,3.1999,77.69,33.21,31.83,29.655,43.1,9.72,83.28,42.5,122.86,84.01,7.8,84.11
77,2/25/15,201.13208,65.79,3.141,77.845,33.47,32.04,29.444,43.49,9.8,83.65,41.97,122.66,83.35,7.74,83.3799
78,2/26/15,200.894501,65.5,3.38,78.9,33.67,32.17,29.945,43.34,10.135,84.061,41.87,123.43,83.29,7.87,83.295
79,2/27/15,200.21022,65.09,3.4,79.16,33.65,32.485,29.45,43.1,10.1,83.55,42.405,121.32,82.78,7.94,82.66
80,3/2/15,201.474274,65.62,3.5,79.542,33.18,32.62,30.175,43.35,10.22,84.44,42.16,120.66,83.25,7.9,84.2
81,3/3/15,200.647369,64.1,3.5899,79.08,32.97,32.63,29.515,43.01,10.2,84.11,41.72,118.46,82.959,8.14,81.89
82,3/4/15,199.801544,63.11,3.48,77.71,32.33,32.26,29.375,42.39,10.1699,83.55,41.1,119.48,82.42,7.87,80.92
83,3/5/15,200.020142,62.64,3.41,78.5099,32.44,32.52,29.3233,42.64,10.05,82.94,41.265,120.771,82.96,7.84,80.713
84,3/6/15,197.20697,61.07,3.47,77.3799,32,32.14,28.88,42.0951,10.22,82.02,40.52,118.25,82.4193,7.64,80.17
85,3/9/15,198.024307,61.44,3.42,78.08,32.56,31.81,29.44,42.35,10.0301,84,40.645,118.09,82.853,7.78,80.75
86,3/10/15,194.811966,60.36,3.4,76.13,32.32,31.965,28.78,42.195,10.1,82.17,39.905,118.51,81.46,7.7,78.32
87,3/11/15,194.355804,60.2,3.37,76.04,32.37,31.9,28.235,42.75,10.22,81.66,39.69,117.7,81.71,7.7,78.3661
88,3/12/15,196.826797,60.41,3.4,77.14,33.165,32.23,28.32,43.52,10.225,82.65,40.29,118.86,82.975,7.86,77.4
89,3/13/15,195.619812,60.53,3.35,77.46,32.99,32.32,27.84,43.07,10.21,82.41,39.62,117.46,82.08,7.66,78.48
90,3/16/15,198.233398,61.94,3.39,78.32,32.96,32.5,28.365,43.77,10.27,85.32,41.415,120.47,83.4,7.651,79.86
91,3/17/15,197.64415,61.61,3.39,79.72,33.07,32.465,28.17,43.79,10.14,85.422,40.98,121.207,83.7,7.775,79.04
92,3/18/15,200.020142,61.96,3.37,77.13,33.22,32.95,28.255,43.96,10.23,86.07,41.67,123.15,83.74,7.94,77.55
93,3/19/15,199.107773,62.28,3.3235,77.08,34.23,32.86,28.32,43.67,10.2,83.74,41.755,125.06,82.86,7.75,78.63
94,3/20/15,200.865082,63.51,3.37,77.41,34.46,33.18,28.57,44.42,10.16,83.095,42.16,125.94,83.93,8.01,79.11
95,3/23/15,200.473679,63.39,3.25,76.53,33.81,33.06,28.505,44.23,10.2,83.82,41.575,123.41,83.56,8,78.47
96,3/24/15,199.347198,63.23,3.41,75.61,33.8,32.58,28.025,44.065,10.08,83.88,41.14,122.04,83.3,8.11,78.9899
97,3/25/15,196.425995,59.57,3.47,73.295,33.02,32.19,27.535,43.205,10.32,81.8,39.85,117.54,81.67,7.9,73.16
98,3/26/15,195.958237,58.58,3.49,73.06,32.71,32.05,27.1301,43.55,10.36,81.38,40.08,117.81,81.21,7.76,71.09
99,3/27/15,196.406921,58.35,3.7,73.285,32.95,32.55,27.105,43.35,10.5901,82.37,39.84,119.32,81.0101,7.9,71
100,3/30/15,198.80304,59.45,3.37,73.6001,32.29,33.2,27.62,44.07,10.7,82.93,43.09,119.33,81.79,8.14,72.18
101,3/31/15,197.065613,58.3,3.7,73.99,32.1,32.89,27.5,43.8875,10.75,81.5,42.215,115.35,81.04,8.1,69.8899
102,4/1/15,196.368713,57.62,3.6,75.065,31.75,32.49,27.245,43.99,11.07,81.6,41.8,113.9,81.39,8.13,70.05
103,4/2/15,197.075134,58.1,3.59,75.63,31.84,32.99,27.23,43.82,11.1,82.49,42.16,114.52,81.87,8.15,70.58
104,4/6/15,198.402084,58.32,3.64,76.31,31.97,33.151,27.27,43.735,11.18,81.89,42.11,113,82.24,8.2,72.42
105,4/7/15,197.877045,57.99,3.76,75.98,31.14,33.07,27.445,43.56,11.04,81.91,42.4066,112.93,79.31,8.14,71.4
106,4/8/15,198.545303,58.01,3.46,75.34,31.76,33.16,27.4927,43.54,11.04,81.98,42.55,114.82,80.7,8.2,72.755
107,4/9/15,199.423523,58.79,3.7,76.15,31.27,33.32,27.67,43.53,11.01,81.63,43.23,115.38,81.66,8.19,73.07
108,4/10/15,200.511856,59.055,3.78,76.4596,31.3375,33.25,28.04,43.43,11.07,82.22,43.805,116.8,80.81,8.19,72.72
109,4/13/15,199.604919,58.99,3.772,75.95,31.48,33.18,28.01,43.79,11.05,81.4111,43.8,116.84,81.4699,8.265,72.7
110,4/14/15,199.986786,59.48,3.73,75.9,31.6,33.165,27.87,44.25,11.0516,81.74,43.08,115.68,82.17,8.25,72.245
111,4/15/15,200.884171,60.28,3.7899,76.13,32.4243,32.78,28.365,44.255,11.15,82.41,44.1,118.25,83,8.6899,72.6
112,4/16/15,200.826874,59.22,3.79,75.155,31.82,32.69,28.6,44.36,11.09,82.15,44.2,116.28,83.08,8.7,71.605
113,4/17/15,198.516663,57.96,3.6101,73.22,31.33,32.49,28.0294,43.72,11.14,81.4,43.5,113.7,82.26,8.58,70.61
114,4/20/15,200.330475,58.83,3.69,74.05,31.94,33.125,28.59,44.8,11.1,81.89,43.89,114.48,83,8.68,72.21
115,4/21/15,200.091812,59.47,3.531,74.55,32.3,33.4132,28.76,45.315,11.1,82.05,44.2,114.62,82.91,8.77,78.16
116,4/22/15,201.075073,60.46,3.65,75.46,32.28,33.195,28.655,46.09,11.07,82.05,44.39,115.79,82.495,8.715,78.69
117,4/23/15,201.581055,60.09,3.68,76.57,33.03,33.37,28.8001,46.435,11.13,82.47,43.92,116.42,82.28,9.05,77.26
118,4/24/15,202.048813,58.75,3.615,76.76,32.06,33.93,28.73,46.285,11.18,82.2,42.67,119.01,82.47,8.995,76.59
119,4/27/15,201.208725,59.54,3.68,76.63,31.85,33.11,28.925,45.91,11.28,81.67,43.19,114.545,82.45,8.9954,76.5
120,4/28/15,201.848312,59.63,3.39,76.01,31.89,32.97,29.3064,46.35,11.26,81.495,43.22,113.32,82.6699,9.11,76.17
121,4/29/15,201.017822,59.4398,3.38,76.75,30.715,32.5,29.1199,46.27,12.012,80.8,43.38,113.46,82.0128,9.0055,76.38
122,4/30/15,199.00354,58.55,3.53,75.69,30.35,33.64,28.76,45.67,11.9799,79.88,43.27,107.1,81.04,8.96,75.13
123,5/1/15,201.160995,59.89,3.35,76.32,30.15,33.98,29.07,46.42,11.89,80.8501,43.78,110.244,81.33,8.94,77.02
124,5/4/15,201.733765,60.285,3.25,76.07,30.07,34.44,29.2701,46.94,11.91,81.72,44.215,109.9,81.995,9,77.03
125,5/5/15,199.423523,58.64,3.2401,75.1,29.68,33.71,28.91,45.98,11.78,81.115,43.68,107.47,81.35,8.94,75.752
126,5/6/15,198.602554,58.05,3.2,74.21,29.7629,33.46,28.91,45.81,11.7599,80.44,43.04,107.781,80.35,9,75.02
127,5/7/15,199.394897,58.87,3.23,74.51,30.5,33.59,28.82,46.195,11.75,81.19,43.425,111.83,80.61,9,75.53
128,5/8/15,202.020172,59.67,3.21,76.19,30.334,33.97,29.26,46.63,11.9499,82.38,44.19,113.21,81.58,9.07,77.03
129,5/11/15,201.056,59.69,3.15,76.87,30.37,34.26,29.305,46.83,11.9,83.625,43.929,113.68,81.88,9,78.18
130,5/12/15,200.454559,58.78,3.11,76.67,30.34,33.83,29.275,46.9,11.87,82.57,43.76,113.661,81.3,8.9603,76.945
131,5/13/15,200.492752,58.92,3.17,77.13,30.2,34.11,29.25,46.62,11.77,84.255,43.77,113.191,81.14,8.7501,77.2801
132,5/14/15,202.583405,59.45,3.19,79.54,30.69,34.3,29.025,47.055,11.72,85.1,45.76,114.82,82.01,8.85,78.44
133,5/15/15,202.802979,59.9517,0,78.6866,30.52,34.39,29.49,46.84,11.83,85.44,45.5649,115.4,81.54,8.84,78.7
134,5/18/15,203.433029,59.73,3.17,79.33,30.7899,34.68,29.755,47.68,11.74,86.445,46.5349,116.59,82.24,9.008,79.46
135,5/19/15,203.366211,58.99,3.14,79.6,30.59,35.255,29.64,47.76,11.75,86.3,46.67,116.583,81.8928,9,80.81
136,5/20/15,203.223007,59.14,3.15,79.52,30.24,34.88,29.63,47.84,11.74,86.5,47.145,116.86,81.94,9.13,80.62
137,5/21/15,203.814896,59.13,3.18,80.46,30.22,34.89,29.535,47.4,11.74,86.35,46.87,116.14,81.75,9.16,81.22
138,5/22/15,203.328018,59.38,3.21,80.23,30.17,35.12,29.38,47.34,11.64,86.13,47.04,116.48,81.73,9.3,81.33
139,5/26/15,201.141891,58.26,3.16,79.42,30.01,34.51,28.8901,46.9699,11.57,85.67,46.58,114.39,80.6,9.28,80.3
140,5/27/15,203.051163,59.88,3.1301,80.14,30.49,35.42,29.4101,47.68,11.47,86.19,47.7,115.81,81.3051,9.25,82.46
141,5/28/15,202.822067,60.21,3.27,80.04,30.61,35.205,29.4199,47.76,11.3,86.3,47.76,114.56,81.24,9.46,82.25
142,5/29/15,201.561905,59.69,3.2,79.26,30.33,35.74,29.4,47.97,11.4795,86.31,47.54,114.775,80.92,9.46,82.51
143,6/1/15,201.972427,59.9,3.2099,79.87,30.58,36.235,29.34,47.81,11.15,86.51,48.48,114.395,80.98,9.82,83.61
144,6/2/15,201.771973,59.36,3.1595,79.85,30.57,36.17,29.0929,47.8001,11.0747,86.1,47.595,113.93,80.28,9.96,83.2254
145,6/3/15,202.306534,58.64,3.21,80.05,30.98,36.43,29.139,48.65,10.97,86.25,47.47,112.59,79.89,10.035,83.51
146,6/4/15,200.597778,57.03,3.2,78.73,31.0049,36.195,28.555,48.1401,10.9099,85.42,47.11,110.66,79.2,9.86,82.72
147,6/5/15,200.254089,56.86,3.22,78.84,31.31,36.3,28.59,48.41,10.95,85.25,47.315,110.8,79.25,9.78,83.41
148,6/8/15,199.022598,56,3.42,78.32,31.57,36.33,28.2801,48.55,10.96,85.51,46.3401,110.87,78.94,9.6,82.41
149,6/9/15,198.993973,55.5,3.25,77.81,31.25,36.42,28.28,48.31,10.9299,85.41,46.4801,110.525,78.09,9.56,81.68
150,6/10/15,201.380539,56.2401,3.47,79.66,31.95,37.235,28.775,49.22,10.94,86.47,47.08,112.45,78.95,9.7,82.66
151,6/11/15,202.029724,56.43,3.3,79.77,32.03,37.5,28.921,49.6,10.93,86.51,47.18,113.1,79.0328,9.43,82.49
152,6/12/15,200.4832,55.89,3.4,79.9984,32.12,37.3,28.515,49.27,10.79,86.045,46.7,111.355,78.37,9.6,81.43
153,6/15/15,199.624008,56.34,3.35,79.0201,32.2598,37.09,28.38,49.25,10.69,84.0645,46.26,110.76,78.02,9.475,80.76
154,6/16/15,200.712341,57.23,3.5,80.06,32.73,37.45,28.745,49.54,10.5,85.44,46.8501,111.15,78.695,9.59,82.49
155,6/17/15,201.036896,57.36,3.34,78.335,32.66,37.47,29.03,49.46,10.5,85.72,46.77,112.51,79.04,9.6,82.7
156,6/18/15,203.127563,58.2,3.3,79.51,33.11,37.93,29.32,49.84,10.63,86.71,47.15,116.995,79.779,9.74,84.05
157,6/19/15,202.225906,57.835,3.39,79.5901,33.175,38.3,28.97,49.84,10.67,86.68,46.42,117.41,78.96,9.65,83.39
158,6/22/15,203.261902,58.27,3.48,82.55,33.51,38.07,28.975,50.43,10.86,87.63,46.45,119.52,79.15,9.62,83.56
159,6/23/15,203.405807,57.185,3.5399,83.59,33.63,37.99,28.75,50.46,11.04,87.51,46.14,120.22,78.9199,9.5691,83.73
160,6/24/15,201.928528,57.34,3.45,83.6,33.37,37.61,28.57,50.1152,11.0699,86.88,45.82,119.16,78.805,9.565,83.31
161,6/25/15,201.314575,57.51,3.55,83.92,33.61,37.69,28.455,49.84,11.04,86.02,45.79,119.06,78.32,9.37,83.65
162,6/26/15,201.276199,57.125,3.6,82.74,33.45,38.245,28.265,50.41,10.85,85.65,44.84,117.97,79.355,9.31,82.82
163,6/29/15,197.055359,55.74,3.3901,81.64,33.06,37.85,27.58,48.7938,10.74,84.4599,44.095,115.55,77.65,9.23,80.17
164,6/30/15,197.46785,56.2,3.53,81.125,33.04,38.04,27.4974,49.15,10.99,84.77,44.29,115.4,77.8096,9.35,81.66
165,7/1/15,199.05069,56.7075,0,81.02,32.93,38.1,27.32,49.34,10.93,85.27,44.04,117.82,77.67,9.29,81.98
166,7/2/15,198.868393,57.19,3.48,80.841,32.897,38.41,27.375,49.51,10.94,85.1,43.69,119.571,77.41,9.16,82.96
167,7/6/15,198.302444,56.19,3.39,80.45,32.6,38.2756,27.17,49,10.76,85,43.37,118.5,76.83,9.06,81.13
168,7/7/15,199.5495,56.23,3.2482,80.51,32.48,38.91,27.409,49.31,10.7,84.99,43.585,119.17,77.18,9.23,80.05
169,7/8/15,196.201599,54.73,3.25,79.8599,32.44,37.65,26.9601,48.35,10.48,83.58,42.61,115.7,75.79,9.22,77.82
170,7/9/15,196.556549,54.83,3.26,80.61,32.48,38.06,27,48.82,10.44,84.26,42.04,117.095,76.73,9.17,77.81
171,7/10/15,199.031494,55.32,3.26,80.95,32.69,38.71,27.32,49.2875,10.4005,85.13,42.01,118.94,77.505,9.205,78.78
172,7/13/15,201.228241,56.55,3.35,81.52,33.27,39.19,27.763,49.33,10.3,85.82,42.57,120.92,78.26,9.81,79.7
173,7/14/15,202.101196,56.12,3.35,82.21,33.14,38.62,28.005,49.68,10.44,86.38,42.87,123.11,78.19,9.86,80.03
174,7/15/15,202.034027,54.67,3.24,81.95,33.19,38.36,28.1101,49.64,10.45,86.1,42.5101,130.99,78.04,10.04,79.16
175,7/16/15,203.655212,52.4,3.46,82.51,34.51,38.05,28.369,49.98,10.43,86.64,42.37,134.43,79.43,9.92,77.31
176,7/17/15,203.827881,52.055,3.45,82.135,33.77,38.01,28.11,49.75,10.44,85.22,42.6,134.14,79.305,9.98,77.2398
177,7/20/15,203.933411,52.25,3.36,82.09,33.86,37.92,28,49.795,10.36,86.29,42.31,135.3,79.4399,10.39,77.17
178,7/21/15,203.12764,51.8501,3.35,81.04,33.71,37.9,27.89,49.53,10.4,85.43,41.605,135.921,79.05,10.41,77.23
179,7/22/15,202.763077,51.67,0,81.06,34.08,37.99,27.47,52.54,10.38,86.83,41.07,137.8,78.7001,10.4411,76.5
180,7/23/15,201.621536,52.68,3.4,80.5,34.89,37.645,28.02,52.61,10.5,85.58,41.19,139.1,77.27,10.36,76.81
181,7/24/15,199.530289,51.27,3.44,80.95,34.47,37.87,28.445,52.39,10.48,84.23,40.22,134.45,76.65,10.1625,75.2701
182,7/27/15,198.369598,50.85,3.33,80.0301,34.64,37.765,28.235,52.13,10.44,83.795,40.02,132.686,76.44,9.93,75.375
183,7/28/15,200.806168,52,3.37,80.495,34.66,37.61,28.2025,51.93,10.49,84.77,41.28,135.23,77.18,9.7753,77.72
184,7/29/15,202.187531,51.67,3.2601,80.225,35.16,37.92,28.415,52.23,10.28,85.06,41.59,132.496,77.61,9.7,77.42
185,7/30/15,202.235489,52.17,3.4,81.46,34.84,40.99,28.32,52.895,10.2299,85.39,41.84,132.11,77.49,9.79,78.93
186,7/31/15,201.928528,53.05,2.91,82.055,34.95,41.45,28.43,53.36,10.0101,85.54,41.7,131.1,77.175,9.93,76.65
187,8/3/15,201.247437,52.28,2.91,81.06,34.88,41.55,28.235,53.24,9.7945,85.89,41.82,131,77.02,9.72,75.54
188,8/4/15,200.854126,51.95,2.684,82.13,35.08,41.45,28.08,54.24,9.89,87,41.8,131.04,77.02,9.77,73.26
189,8/5/15,201.516037,52.64,2.7801,83.42,35.19,42.44,28.255,54.57,10.42,87.74,42.77,133.08,76.46,9.72,74.11
190,8/6/15,199.866058,51.8,2.65,82.2199,35.15,40.5401,28.185,54.3,10.06,87.22,42.8,128.22,75.9,9.92,72.37
191,8/7/15,199.482346,52.22,2.77,82.78,35,40.66,28.12,54.2,10.05,87.42,43.26,128.39,75.807,9.84,72.13
192,8/10/15,201.995651,54.135,2.7801,83.62,34.83,41.365,28.565,55.17,10,88.39,44.1285,131.1,76.78,9.82,74.8
193,8/11/15,200.173035,53.055,2.8,83.8301,34.8,41.21,28.01,54.89,9.95,87.781,43.01,130.55,76.06,8.6,73.1
194,8/12/15,200.412857,53.31,2.75,83.96,33.94,41.745,28.049,54.46,9.92,87.83,43.76,131.209,75.5201,9.06,72.89
195,8/13/15,200.163467,51.69,2.699,84.3199,34.25,41.76,28.8401,54.41,9.95,88.28,43.05,130.58,75.99,9.265,72.083
196,8/14/15,200.892487,51.36,2.7,86.235,34.68,42.41,28.985,54.76,10.0299,88.68,43.61,129.43,76.121,9.56,72.97
197,8/17/15,202.014847,51.81,2.69,86.62,34.71,42.73,28.855,55.04,10.04,88.86,43.825,130.94,76.13,9.19,74.38
198,8/18/15,201.429672,50.27,2.63,86.29,34.68,42.515,28.25,54.79,10.25,89.13,42.95,130.01,76.28,9.0499,72.3
199,8/19/15,199.837296,50.1,2.61,85.49,34.4,42.26,27.83,54.39,10.68,87.63,42.55,129.17,75.67,8.9,72.515
200,8/20/15,195.664413,48.81,2.57,83.19,33.92,41.15,27.2,53.36,10.49,86.92,41.59,125.84,74.37,9,71.44
201,8/21/15,189.774429,47.81,2.57,79.03,33.56,39.79,26.6964,51.7,10.37,85.19,40.502,119.79,72.71,9.07,69.9
202,8/24/15,181.78363,46.72,2.664,73.72,32.66,38.09,25.075,47.73,9.99,81.29,39.33,112.84,69.6399,8.94,67.19
203,8/25/15,179.64444,47.3299,2.57,76.49,32.9,38.5,25.1,48.12,9.9,82.6,39.37,115.123,69.77,8.9,68.73
204,8/26/15,186.541687,47.84,2.57,77.0502,33.0612,38.55,25.485,48.28,10.05,83.62,41.04,117.91,70.59,9.1499,70.46
205,8/27/15,191.155807,49.06,2.66,78.14,33.1668,38.89,25.92,50.21,9.87,84.9,41.97,121.5,72.18,9.12,72.19
206,8/28/15,191.165375,49.78,2.5699,79.15,33.29,39.61,25.96,50.98,10.5,85.15,42.12,123.82,72.07,9.28,72.58
207,8/31/15,189.620941,50.11,2.52,78.55,33.4,38.77,25.77,50.57,10.42,85.09,41.985,117.79,71.92,9.43,72.92
208,9/1/15,183.961197,48.12,2.6001,76.16,32.91,37.25,25.18,49.3,10.2201,83.17,40.34,116.18,69.49,9.25,69.78
209,9/2/15,187.452972,48.32,2.65,76.95,32.79,37.645,25.42,49.35,10.4,84.35,40.6,118.31,69.51,9.353,70.68
210,9/3/15,187.587265,48.87,2.55,77.92,32.68,38.35,25.95,49.82,10.22,85.06,41.19,117.6,70.1819,9.535,71.75
211,9/4/15,184.747818,47.6,2.51,76.84,32.58,38.48,25.4899,49.385,10.01,83.82,40.105,117.38,69.35,9.41,69.93
212,9/8/15,189.390717,49.66,2.62,79.69,33.38,39.555,26.235,50.515,10.5,86.1,42.53,122.33,70.93,9.55,72.47
213,9/9/15,186.858215,49.47,2.58,78.96,33.83,39.1399,26.0601,50.81,10.1,85.54,41.96,122.06,70.89,9.37,71.03
214,9/10/15,187.875076,51.24,2.48,78.39,33.51,39.28,26.2399,50.89,10.15,85.27,41.6599,122.46,70.84,9.28,71.72
215,9/11/15,188.728836,51.2,2.3685,78.98,33.68,39.94,25.93,50.68,10.05,85.64,41.85,123.47,70.74,9.44,71.68
216,9/14/15,188.028519,52.12,2.4877,78.44,33.5,40.35,25.685,50.55,10.23,85.365,42.8,121.99,70.62,9.11,72.5
217,9/15/15,190.378769,52.73,2.4601,80.02,34.19,41.185,26.065,50.54,10.15,86.65,43.2,124.76,71.18,9.28,74.2
218,9/16/15,192.028748,53.12,2.52,80.28,34.3501,41.41,26.065,50.69,10.08,86.45,43.33,123.53,71.76,9.37,74.57
219,9/17/15,191.597076,51.32,2.44,80.76,34.42,42.12,25.94,50.27,10.33,86.87,43.19,125.58,71.25,9.34,72.76
220,9/18/15,188.466492,50.22,2.57,81.52,33.7,41.845,25.55,49.18,10.0899,86.095,42.615,122.789,69.55,8.9,71.08
221,9/21/15,189.44043,49.245,2.6,83.405,33.96,41.77,25.59,49.52,10.08,87.47,42.38,118.89,70.26,8.97,68.19
222,9/22/15,186.981522,49.47,2.49,84.68,33.52,41.355,25.155,48.77,10.02,86.02,41.71,117.67,68.91,8.93,65.79
223,9/23/15,186.682602,48.08,2.59,85.34,34.2701,41.01,25.269,48.7,9.95,86.65,41.4,117.12,68.9,8.99,63.72
224,9/24/15,186.007614,48.33,2.55,84.25,33.322,40.78,25.47,47.89,10.02,86.27,42.07,114.53,68.47,8.96,63.445
225,9/25/15,185.959412,48.45,2.63,83.1,34.02,40,26.02,48.035,9.97,88.31,41.92,108.33,69.09,8.75,62.96
226,9/28/15,181.292343,48.57,2.2601,80.52,33.17,37.56,25.68,46.75,10.35,85.93,40.665,104.95,69.22,8.67,62.1
227,9/29/15,181.398407,48.02,2.31,79.36,32.87,37.6,25.605,46.38,10.05,84.355,40.8,105.22,68.11,8.38,62.75
228,9/30/15,184.78299,49.73,2.5001,81.88,33.46,39.12,26.19,48.17,10.01,85.5,42.21,107.66,69.29,8.51,65.03
229,10/1/15,185.265121,49.4,2.3901,83.34,33.67,38.86,25.72,48.53,9.91,85.32,41.625,111.87,68.5299,8.25,64.17
230,10/2/15,188.032593,50.2575,2.55,83.83,33.74,39.16,25.745,48.33,9.94,85.85,42.13,115.62,68.46,8.21,65.48
231,10/5/15,191.378601,51.84,2.6899,85.83,34.62,38.715,26.931,49.18,9.95,87.6,43.74,116.35,70.73,8.565,65.815
232,10/6/15,190.7229,52.515,2.65,85.2925,34.54,37.46,27.275,49.02,9.99,86,44.05,113.08,70.85,8.31,65.445
233,10/7/15,192.285019,52.6,2.69,80.7,34.83,37.4082,27.45,49.38,9.995,86.83,44.34,116.57,71.84,8.59,66.39
234,10/8/15,194.020706,53.37,2.6001,82.26,35.46,37.205,27.945,49.6,9.99,89.37,45,117.75,72.025,8.9,67.29
235,10/9/15,194.136398,53.15,2.6901,83.575,35.74,37.38,27.91,49.37,9.9999,89.92,44.97,117.4,71.37,9.18,66.46
236,10/12/15,194.319626,52.71,2.8094,84.12,35.7,37.64,27.91,49.5,8.75,91.17,44.69,117.945,70.2101,8.97,66.595
237,10/13/15,193.095001,51.72,2.76,83.93,35.34,37.28,27.85,48.82,8.62,91.68,44.59,114.59,69.25,9.22,64.99
238,10/14/15,192.169296,52.94,2.9788,83.94,34.88,36.775,27.83,48.51,8.49,90.95,45.78,113.85,69.13,8.52,67.62
239,10/15/15,195.11998,52.68,2.8399,86.595,35,37.56,28.115,49.53,8.3,92.845,46.4732,117.16,70.1,8.8,67.42
240,10/16/15,196.007095,52.88,2.92,88.885,35.67,37.87,28.1736,50.13,8.27,92.5,46.51,117.388,70.75,8.75,68.05
241,10/19/15,196.1035,53.03,2.9599,88.09,35.89,38.48,28.225,50.67,8.11,92.69,46.5,118.91,70.16,9.02,67.583
242,10/20/15,195.852814,53.98,2.99,86.99,35.8601,37.43,28.5,50.36,8.35,92.7,46.6,116.68,70.63,9.12,70.62
243,10/21/15,194.637848,64.4,3.0101,86.25,35.38,37.13,28.3,48.64,8.16,91.45,46.93,116.5,69.96,9.02,71.46
244,10/22/15,197.92598,65.04,2.84,88.75,36.27,36.53,29.085,49.56,8.01,92.49,47.79,117.857,74.42,10.36,72.72
245,10/23/15,200.095612,65.33,2.9199,87.55,37.1275,36.93,29.27,50.5,8.01,93.37,47.06,119.65,74.1301,10.24,74.38
246,10/26/15,199.603821,65.26,3.03,89.13,37.53,37.58,28.965,51.2721,7.98,93.48,47.95,123.89,74.18,10.35,74.91
247,10/27/15,199.218124,65.52,3.0435,88.04,37.43,38.38,29.01,51.18,7.96,92.53,49.31,125.711,73.88,10.11,75
248,10/28/15,201.484146,65.76,3.09,88.68,38.3,39.31,29.33,52.23,8.105,92.82,49.01,125.63,74.95,10.99,75.46
249,10/29/15,201.368439,66.51,3.08,88.11,37.87,38.5,29.1599,52.3,7.94,92.19,47.87,124.64,75.37,10.78,75.73
250,10/30/15,200.500565,66.99,3,88.89,37.1574,38.89,28.88,51.77,8.42,93.2,47.54,123.31,75.56,10.66,76.35
251,11/2/15,202.872681,66.57,3.05,90.09,37.1896,39.675,28.775,53.5,8.41,93.53,47.77,127.4,76.08,11,76.59
252,11/3/15,203.460892,66.575,2.9752,90.53,37.1,39.73,28.59,52.74,8.197,92.37,47.41,126.52,76.6899,11.25,76.39
253,11/4/15,202.84375,66.88,2.8585,90.9675,37.09,39.51,28.468,53.11,8.2466,91.27,47.39,126.64,76.25,11.69,76.91
254,11/5/15,202.641266,67.1,2.8,90.5308,37.17,39.99,28.36,53.53,8.186,90.85,47.23,120.4,76.73,11.5,76.9
255,11/6/15,202.535202,66.84,0,90.38,37.33,40.24,28.4301,53.88,7.96,90.9,47.52,116.25,76.88,11.34,76.65
256,11/9/15,200.645233,66.81,2.73,89.51,36.985,39.705,28.145,53.15,7.91,90.6899,47.36,114.18,75.49,11.675,76.75
257,11/10/15,201.108063,66.7,2.73,89.99,37.26,40.985,28.01,53.35,7.8933,91.34,47.09,113.795,75.91,11.52,76.32
258,11/11/15,200.317398,66.95,0,91.32,37.565,40.41,27.81,53.89,7.79,91.55,47.11,112.45,76.53,11.1742,76.9
259,11/12/15,197.520996,65.88,2.66,91.52,36.99,39.9,27.9,53.37,7.7605,90.38,46.76,109.853,75.5,11.05,75.69
260,11/13/15,195.303162,65.76,2.5001,89.06,37.18,39.71,26.11,52.03,7.7,89.46,46.58,107.55,74.23,11.465,75.603
261,11/16/15,198.273102,66.2601,2.4964,89.63,37.56,39.68,26.76,53.2,7.67,89.35,47.019,110.257,75.12,11.46,77.01
262,11/17/15,198.128494,66.64,2.46,90.15,37.77,39.99,26.83,52.87,7.69,89.55,47.86,111.039,74.57,11.21,77.91
263,11/18/15,201.272003,66.99,2.64,90.95,37.49,40.5,27.085,53.65,7.77,91.09,48.78,115.41,76.35,11.79,78.37
264,11/19/15,201.098434,67.06,2.64,92.12,37.43,39.87,27.445,54,7.78,90.94,48.98,114.1,76.33,11.94,77.95
265,11/20/15,201.831268,66.93,0,91.5,37.4101,39.985,27.58,54.38,7.8,91.29,48.88,113.38,76.275,12.06,78.17
266,11/23/15,201.599869,66.74,2.46,91.88,37.4918,39.995,27.466,54.475,7.79,92.0154,48.63,113.668,76.1299,11.83,77.2256
267,11/24/15,201.869858,66.49,2.5,92.0499,36.98,40.01,27.275,54.44,7.79,91.82,49.3125,112.7,75.7199,11.83,77.24
268,11/25/15,201.840942,66.46,2.549,91.98,36.83,39.98,27.275,54.34,7.8899,92.02,48.99,112.42,76.03,12,77.3
269,11/27/15,202.072342,66.54,2.45,92.17,37.2,38.465,27.32,54.7,7.82,91.9046,49.11,112.72,75.95,11.88,77.63
270,11/30/15,201.233444,67.02,2.709,91.4,37.03,40.23,27.24,54.26,7.86,91.68,49.66,109.66,76.21,11.85,78.22
271,12/1/15,203.152313,67.83,2.8,92.38,37.46,41.24,27.4475,54.8,7.895,92.99,50,110.01,76.44,11.73,79.31
272,12/2/15,201.079163,67.7501,2.84,91.97,37.56,40.93,27.543,54.45,7.88,92.16,49.12,111.65,75.565,11.655,78.87
273,12/3/15,198.263458,66.65,2.77,89.98,36.61,39.13,26.89,53.12,7.76,89.83,48.28,106.58,74.76,11.67,76.24
274,12/4/15,202.130203,67.72,2.781,92.52,37.2,39.48,27.46,54.52,7.89,92.61,49.04,110.15,76.06,11.8,77.83
275,12/7/15,200.905579,67.54,2.7,89.52,36.75,38.7353,27.43,54.28,7.8,91.89,48.52,108.9,75.06,11.54,78.03
276,12/8/15,199.555603,68.74,2.7001,91.53,36.83,38.72,27.1201,53.195,7.7,92.24,48.35,111.82,74.13,11.21,79.97
277,12/9/15,198.003128,67.94,2.81,89.5375,36.42,37.56,26.78,52.1,7.64,91.3699,47.84,111.265,73.23,11.38,78.58
278,12/10/15,198.514175,68.64,2.79,88.563,36.4516,37.79,26.86,52.4051,7.67,91.5375,47.9877,112.3,73.43,11.36,80.2026
279,12/11/15,194.666763,67.92,2.6514,92.15,35.96,38.065,26.1799,51.02,7.65,90.06,47.44,108.89,70.63,10.9,78.96
280,12/14/15,195.650314,67.44,0,92.825,35.86,37.39,26.45,50.95,7.67,89.83,47.22,109.54,69.9751,10.88,77.25
281,12/15/15,197.704193,69.045,2.82,94.12,35.98,38.45,26.848,51.83,7.66,90.29,47.92,112.84,71.44,11.55,79.98
282,12/16/15,200.597015,69.14,2.75,95.1,36.03,39.06,27.2,53.73,7.63,91.504,47.99,115.66,72.15,11.95,80.15
283,12/17/15,197.540268,68.45,2.82,94.505,35.59,38.6023,26.8202,52.55,7.58,90.69,47.315,112.9,71.31,12.065,79.11
284,12/18/15,194.02066,67.29,2.81,92,34.94,38.57,26.36,52.01,7.55,88.803,46.67,110.545,70.08,11.83,77.44
285,12/21/15,195.621155,67.61,2.6,91.05,35,38.695,26.45,51.29,7.5001,88.88,47.02,110.041,70.29,11.73,78.18
286,12/22/15,197.396271,69.08,2.59,93.82,35.39,38.8,26.8601,51.905,7.68,91.38,47.5,111.08,70.88,11.83,80.17
287,12/23/15,199.840698,69.24,2.78,94.6525,35.51,38.645,27.32,51.98,7.8,91.31,47.86,121.918,72.669,12.16,80.43
288,12/24/15,199.510895,69.5239,2.65,94.3,35.74,39.08,27.38,52.09,7.78,91.54,47.8596,122,72.45,12.42,80.39
289,12/28/15,199.054993,69.1625,2.7,93.94,35.92,39.15,27.2701,52.55,7.71,91.84,47.635,118.85,72.66,12.35,79.6799
290,12/29/15,201.179291,70.17,2.7,95.48,36.425,39.68,27.8,52.87,7.63,92.99,48.37,121.44,73.16,12.45,81.04
291,12/30/15,199.753387,69.91,2.68,95.65,35.65,39.49,27.603,53.05,7.62,92.46,48.03,120.97,72.29,12.66,80.41
292,12/31/15,197.755188,69.53,2.56,94.2901,35.1199,38.9,27.26,52.86,7.6,91.48,47.2,120.52,71.93,12.2,79.72
293,1/4/16,194.990662,68.21,2.54,90.9502,34.1,37.57,26.1799,50.6,7.8,87.98,45.46,116.54,69.69,11.73,77.08
294,1/5/16,195.32048,68.83,2.6091,92.44,34.9544,37.885,26.34,51.47,7.56,88.56,46.56,117.869,70.2775,11.6,78.1999
295,1/6/16,192.856659,66.49,2.77,90.94,34.52,38.45,25.965,50.29,7.53,88.1594,45.5,116.72,68.93,11.74,73.38
296,1/7/16,188.229736,65.9,2.51,89.12,33.54,37.3,25.185,48.71,7.28,86.54,43.79,112.133,67.14,11.66,71.84
297,1/8/16,186.163605,65.4,0,88.236,33.42,36.67,24.94,47.95,6.9678,85.32,43.08,109.77,65.79,11.54,70.8
298,1/11/16,186.3479,65.49,0,89.37,34.4,36.025,25.2099,46.99,7.045,85.29,43.15,103.27,64.98,11.52,70.84
299,1/12/16,187.851425,65.57,2.46,89.76,34.45,36.4,25.35,47.04,7.21,86.21,43.12,106.3,66.535,11.62,71.3
300,1/13/16,183.16629,65.05,2.47,88.91,33.73,35.65,24.74,46.03,7.05,85.24,42.15,101.6,65.32,10.97,69.6
301,1/14/16,186.173294,66.97,2.4401,89.85,34.4,35.31,24.77,46.48,7.19,85.89,42.46,105.77,65.79,10.99,72.5
302,1/15/16,182.176865,64.36,2.48,88.7,33.49,34.83,23.64,44.66,7.04,83.78,42.815,102.49,65.07,10.59,67.67
303,1/19/16,182.419403,64.54,2.35,89.37,33.39,34.79,23.82,45.06,6.6,83.86,42.76,103.398,65.85,10.5,67.8001
304,1/20/16,180.081665,65.39,2.3,88.48,33.53,35.17,23.105,44.22,6.49,82.89,43.46,109.15,65.68,10.63,70.13
305,1/21/16,181.0905,64.73,2.27,88.03,32.87,33.94,22.96,43.36,6.53,80.65,46.91,106.395,65.9,10.32,68.31
306,1/22/16,184.805588,64.99,2.3,89.34,33.45,35.19,23.249,44.61,6.6499,82.27,47.43,108.37,67.0801,10.704,68.435
307,1/25/16,182.011978,64.67,2.46,87.28,33.28,35.84,23.225,43.945,6.47,82,47.69,107.06,65.59,10.64,68.1
308,1/26/16,184.495178,65.01,2.3,86.48,33.6772,36.32,23.67,44.9228,6.63,82.8,48.1,105.55,66.43,10.66,68.4699
309,1/27/16,182.487289,64.49,2.37,84.79,34.04,35.89,23.364,38.99,7.54,82.75,48.01,102.16,66.03,10.49,67.53
310,1/28/16,183.437881,65.45,2.39,84.44,34.5,33.25,23.14,36.91,7.48,83.22,48.06,96.575,68.34,10.6701,69.44
311,1/29/16,187.909622,66.38,2.2501,88.88,35.02,33.59,23.575,38.88,7.61,85.65,50.14,99.16,70.65,11.35,71.33
312,2/1/16,187.841705,67.245,2.215,90.02,34.99,35.615,23.54,39.4,7.91,86.605,50.06,101.5,70.36,11.32,72.755
313,2/2/16,184.456406,66.1,2.32,87.8975,34.82,34.89,22.8301,37.51,7.86,85.03,48.37,97.2701,67.9,10.93,70.48
314,2/3/16,185.56218,66.78,0,87.85,33.99,35.01,23.065,37.605,7.82,84.58,48.45,98.99,68.54,10.13,71.37
315,2/4/16,185.853195,66.78,2.28,86.11,33.87,35.17,23.43,36.865,7.89,84.97,49.33,102.08,69.53,10.26,71.3601
316,2/5/16,182.312668,65.525,0,79,33.17,33.31,22.895,36.08,7.55,83.3399,48.12,97.31,68.53,10.26,68.95
317,2/8/16,179.858551,64.03,2.2099,73.62,33.18,32.62,22.84,34.61,7.53,82.18,47.065,99.56,65.733,10.11,65.8
318,2/9/16,179.868256,64.08,2.17,74.74,33.665,32.98,22.6875,34.61,7.57,83.775,47.53,101.22,66.64,10.16,65.79
319,2/10/16,179.713074,64.28,2.18,76.08,33.855,32.92,22.57,35.37,7.46,83.32,47.02,103.4,66.99,10.21,66.05
320,2/11/16,177.375351,62.91,2.15,74.92,33.72,32.53,24.88,34.03,7.32,82.14,47.39,99.87,65.61,10.5,64.24
321,2/12/16,181.032272,63.88,2.24,76.563,34.17,32.54,25.1901,36.31,7.51,82.9225,47.6032,102.211,67.42,11.01,66.22
322,2/16/16,184.087799,64.74,2.129,78.82,34.9,33.98,25.875,36.83,7.46,83.91,48.045,104.19,68.44,10.51,67.585
323,2/17/16,187.094818,65.36,2.21,81.88,34.19,34.49,26.345,37.24,7.67,83.05,48.63,104.868,69.97,11.33,68.745
324,2/18/16,186.328522,65.02,2.13,80.522,34.595,34.48,26.4034,36.9,7.81,82.97,48.085,103.58,69.44,11.29,68.08
325,2/19/16,186.241211,66.06,0,80.8,34.76,34.56,26.485,37.25,7.9407,83.56,48.5,102.83,68.86,11.28,70.04
326,2/22/16,188.937836,66.04,2.285,83.505,35.19,34.52,26.575,37.99,8.48,84.3582,48.81,104.23,69.81,11.27,70.17
327,2/23/16,186.55162,65.74,2.31,83.2899,35,34.41,26.105,38.45,8,84.0153,48.41,101.996,68.54,10.84,69.36
328,2/24/16,187.405197,66.27,2.39,83.25,35.07,34.78,26.265,38.28,8.01,84.22,47.7,102.48,68.98,10.8,70.28
329,2/25/16,189.675018,67.18,2.24,86.02,35.49,35.19,26.43,38.18,7.94,84.3,48,101.847,69.31,10.51,72.1
330,2/26/16,189.238525,68.09,2.1,86.525,36.01,35.01,26.465,38.53,7.78,84.74,48.465,103.41,69.64,10.69,73.95
331,2/29/16,187.75441,67.91,2.31,85.65,35.75,34.69,26.2374,38.18,7.255,84.31,47.4411,101.33,69.28,10.81,73.59
332,3/1/16,192.167938,68.83,2.24,87.901,35.79,35.49,26.78,39.645,7.36,85.99,48.2,104.39,71.04,10.99,75.39
333,3/2/16,193.03125,68.4,2.27,88.05,35.1701,35.93,26.785,39.44,7.28,85.65,47.955,103.84,71.26,10.76,74.53
334,3/3/16,193.787872,68.6,2.0822,86.9,35.47,35.79,26.85,40.12,7.4,86.74,47.7699,102.6,71.9,11,74.9
335,3/4/16,194.41835,68.25,2.31,86.285,35.93,34.75,26.724,40.57,7.35,86.93,46.925,102.965,72.79,11,74.21
336,3/7/16,194.573563,68.81,2.26,84.6,35.34,34.79,27.115,40.42,7.42,88.08,47.04,103.98,72.48,10.93,74.94
337,3/8/16,192.449234,67.88,2.2,84.35,35.68,34.76,27.125,39.99,7.27,87.65,46.13,103.33,71.99,11.27,73.51
338,3/9/16,193.399872,68.01,2.33,85.085,35.6,34.75,27.5975,39.4,7.28,86.81,46.42,100.86,71.41,10.98,73.72
339,3/10/16,193.555054,68.69,2.2501,84.92,35.475,34.57,27.39,39.52,7.14,87.86,46.46,100.48,71.42,10.86,75.26
340,3/11/16,196.678482,69.242,2.2779,86.14,35.54,35.25,27.8101,40.39,7.18,88.96,46.59,101.46,72.67,10.81,76.25
341,3/14/16,196.42627,69.56,2.23,87.44,35.34,35.43,27.695,40.45,7.19,89.61,47.005,100.32,71.81,10.71,76.895
342,3/15/16,196.106171,69.79,2.24,86.84,35.15,34.485,27.59,40.385,7.03,89.58,47.01,97.79,70.47,10.36,77.36
343,3/16/16,197.241074,70.09,2.2,88.09,35.3,34.43,27.85,40.25,7.03,90.01,47.28,97.35,71.32,10.49,77.55
344,3/17/16,198.492386,70.9,2.17,89.91,35.56,34.0301,28.315,40.53,7.25,90.02,47.18,96.92,73.565,11,79.39
345,3/18/16,199.272003,70.9,2.24,93.2,35.73,34.45,28.235,41.79,7.16,90.71,47.3599,98.93,73.24,10.91,78.995
346,3/21/16,199.554749,71.17,2.35,92.33,35.3952,34.44,28.1201,41.4,7.01,90.18,47.42,100.92,73.39,10.71,79.44
347,3/22/16,199.44751,71.48,2.2412,92.64,35.16,35.03,28.28,41.53,7.03,90.335,47.65,102.78,73.18,10.62,80.3599
348,3/23/16,198.131256,70.99,2.34,92.13,35.21,34,27.85,41.6,6.9,86.2597,47.33,99.55,73.19,10.645,79.38
349,3/24/16,198.043488,70.599,0,92.49,35.21,34.385,27.94,41.23,6.92,87.63,46.99,100.73,72.47,10.66,78.59
350,3/28/16,198.160507,70.93,2.32,92.21,35.805,34.5199,27.839,41.78,6.9,88.93,47.01,99.49,72.7996,10.81,79.11
351,3/29/16,199.993515,72.3,2.48,93.15,36.65,34.635,28.145,42.865,7,89.71,47.21,99.805,73.94,11.02,81.98
352,3/30/16,200.871033,72.53,2.5,93.91,36.9,34.57,28.54,42.95,7.03,89.87,47.94,99.36,74.12,11.07,82.16
353,3/31/16,200.38353,72.725,2.5,93.89,36.88,34.505,28.5,43.16,7.21,89.915,47.54,100.34,73.67,11.65,82.5
354,4/1/16,201.74852,72.94,2.48,95.29,37.45,34.62,28.56,43.525,7.12,89.88,47.59,100.963,73.985,11.78,82.72
355,4/4/16,201.095276,72.85,2.4801,94.48,37.05,35.2599,28.125,42.71,7.04,88.9465,47.04,101.435,72.94,11.59,82.685
356,4/5/16,199.086761,72.45,2.4,94.22,36.78,34.75,27.59,42.48,7,88.4,47.01,102.54,72.47,11.78,81.91
357,4/6/16,201.261032,72.745,2.31,95.4,37.2499,35.63,27.99,44.1,7.01,88.82,47.23,107.8,73.16,12.26,82.48
358,4/7/16,198.852768,72.14,2.35,93.7396,36.805,35.155,27.6,42.85,7.16,88.91,46.18,107.16,71.54,12.12,81.09
359,4/8/16,199.388992,71.98,2.1801,93.93,36.77,35.3,27.625,43.69,7.28,89.2,46.235,105.91,71.55,12.28,80.85
360,4/11/16,198.921005,72.23,2.38,93.2,36.62,35,27.68,43.69,7.28,89.24,46.2601,103.66,72.36,12.65,81.43
361,4/12/16,200.773529,72.08,2.2001,93.3824,36.91,35.13,27.595,44.37,7.2999,89.83,45.96,105.21,74.03,13,81.3
362,4/13/16,202.801529,72.77,2.2101,94.25,37.565,36,28.215,45.46,7.41,90.5399,46.69,107.66,76.265,13,82.645
363,4/14/16,202.811279,72.4725,2.26,94.3286,37.6,36.23,28.1924,45.8,7.4366,90.27,46.51,107.058,76.62,13.254,81.6699
364,4/15/16,202.587036,72.49,2.38,95.0676,37.67,36.175,27.83,45.98,7.45,90.0599,46.16,107.06,76.51,13.07,81.57
365,4/18/16,204.010544,72.7,2.3,96.29,37.76,36.72,28.18,46.05,7.5,90.29,46.2,107.506,76.46,13.23,82.06
366,4/19/16,204.654053,73.13,2.28,96.39,37.83,36.57,28.3342,46,7.5276,90.48,45.892,106.82,77.63,13.26,82.92
367,4/20/16,204.84906,72.86,2.339,96.42,37.48,37.315,28.545,48.58,7.58,90.305,46.515,107.005,78.59,13.11,82.37
368,4/21/16,203.747299,71.87,2.27,96.31,36.7201,37.365,28.21,48.21,7.36,89.25,46.05,109.37,77.4221,12.445,80.66
369,4/22/16,203.747299,71.74,2.43,94.6695,36.875,37.63,28.1738,48.9,7.36,89.6269,45.81,110.66,77.45,12.5,80.56
370,4/25/16,203.396286,71.6,2.21,95.47,36.8,37.74,28.1228,48.33,7.19,89.235,45.72,110.05,76.705,12.26,79.98
371,4/26/16,203.698547,71.705,2.33,95.9,37.03,37.82,28.405,48.73,7.1927,89.69,46.67,107.6,77.16,12.7,80.05
372,4/27/16,204.117798,72.21,2.2101,95.65,37.605,37.94,28.61,48.9,7.17,89.84,47.185,107.22,77.58,12.91,80.96
373,4/28/16,202.265274,70.83,0,93.35,38,33.855,27.8899,47.81,7.13,89.32,43.45,108.48,75.59,12.72,78.13
374,4/29/16,201.173264,69.67,2.4,94.04,37.86,33.325,27.4,47.87,7.13,89.47,42.93,103.35,75.23,12.58,75.91
375,5/2/16,202.772293,70.09,2.48,94.82,38.04,33.91,27.3877,48.88,7.12,89.875,43.8025,104.663,75.55,12.64,76.64
376,5/3/16,201.007523,69.7,2.53,93.62,37.773,34.295,26.815,47.83,7.09,89.52,43.37,103.71,74.94,12.54,75.95
377,5/4/16,199.886276,69.11,2.45,92.86,37.73,33.92,26.42,47.42,7.08,89.82,43,101.144,74.25,12.67,74.8
378,5/5/16,199.847275,69.48,2.54,93.36,37.69,33.89,26.23,47.655,7.06,90.08,42.91,101.58,74.41,12.65,75.16
379,5/6/16,200.578506,69.34,2.45,94.16,37.42,33.74,26.4457,47.8,7.045,90.915,43.1236,100.17,74.98,12.68,74.94
380,5/9/16,200.744278,69.24,2.5,94.655,37.93,33.97,26.56,48.26,7.01,91.581,43.13,102.61,74.985,12.68,74.78
381,5/10/16,203.240295,69.76,2.5388,96.31,37.96,34.41,27.03,49.14,7.01,91.88,43.27,103.028,75.7501,12.64,75.85
382,5/11/16,201.33902,69.81,0,96.2,37.78,34.28,26.745,48.615,7.6399,91.52,43.16,100.712,75.5,12.21,75.71
383,5/12/16,201.397537,68.87,2.56,96.1638,37.9,33.85,26.69,48.76,7.63,91.78,43.01,100.58,75.68,12.19,74.92
384,5/13/16,199.642502,68.545,2.41,96.0425,38.01,33.79,26.565,48.1462,7.51,91.53,43.26,100.281,74.1225,12.06,74.44
385,5/16/16,201.61203,68.05,2.59,97.36,38.62,34.135,27.02,48.7,7.45,91.89,43.645,101.648,74.84,12.11,73.72
386,5/17/16,199.73024,67.71,2.7,95.94,37.51,33.51,26.625,48.35,7.37,91.22,43.44,100.35,73.91,11.6201,73.09
387,5/18/16,199.788773,68.07,2.56,96.1,37.555,33.25,26.595,49.04,7.38,90.97,43.92,100.823,74.16,11.46,73.73
388,5/19/16,199.096497,67.93,2.4501,95.99,37.3403,33.265,27.669,49.32,7.4299,91.57,43.91,100.19,73.83,11.19,73.43
389,5/20/16,200.354263,69.48,2.5,96.72,37.25,33.35,27.9545,49.7999,7.5,91.9099,44.69,101.27,74.5,11.41,76.42
390,5/23/16,200.081268,69.7001,2.5,96.81,37.58,33.1,28.005,50.06,7.59,92.37,44.9,101.128,74.65,11.32,76.7
391,5/24/16,202.674789,70.95,2.59,99.52,38.73,33.5,28.525,51.0862,7.52,94.07,47.4063,103.56,76.66,11.06,79.18
392,5/25/16,204.049561,71.65,2.5001,99.88,38.82,33.63,28.9532,50.96,7.6272,94.02,47.225,105.12,77.51,11.7,80.4925
393,5/26/16,204.108032,71.82,2.6499,99.48,38.75,33.845,28.97,50.98,7.61,94.18,47.175,106.04,76.78,11.52,80.795
394,5/27/16,204.985565,72.8901,2.5999,99.8235,38.89,34.35,28.86,51.14,7.8994,94.91,47.35,106,77.02,11.51,82.87
395,5/31/16,204.595551,72.75,2.5399,99.66,38.98,34.405,28.895,51.42,8.76,94.76,47.16,106.63,76.92,11.16,82.58
396,6/1/16,205.014801,73.06,2.5,100.13,39.34,34.69,28.92,51.37,8.2601,94.66,47.425,106.11,77.04,11.31,83.12
397,6/2/16,205.638809,73.27,2.55,100.03,39.5232,34.86,29.07,51.53,8.5,95.36,47,107.93,76.68,11.23,83.72
398,6/3/16,205.024551,73.1,2.525,98.91,39.45,34.32,29.15,50.34,8.38,94.91,47.39,108.01,76.06,10.91,83.19
399,6/6/16,206.06781,72.79,2.48,99.31,39.505,34.54,29.205,51.42,8.82,95.29,47.01,107.82,76.5792,11.18,82.475
400,6/7/16,206.389542,73.09,2.5001,98.6499,39.58,34.39,29.075,51.53,8.5,95.08,47.23,107.52,75.58,11.265,83.12
401,6/8/16,207.062317,73.17,2.59,98.68,39.96,34.4,29.19,51.5501,8.33,94.99,47.12,106.64,74.97,11.305,83.3401
402,6/9/16,206.779572,73.35,0,98.22,40.255,34.94,29.13,51.26,8.18,95.36,46.995,106.49,74.38,11.26,83.4801
403,6/10/16,204.819809,72.73,2.5901,96.9375,39.57,34.13,28.93,49.755,8.03,94.49,46.7277,102.81,72.78,11.16,82.29
404,6/13/16,203.240295,72.57,2.5001,97.16,39.37,33.53,28.89,49.15,7.55,94.26,46.3725,101.88,71.93,10.85,82.11
405,6/14/16,202.840515,72.63,2.5,97.04,39.82,33.11,28.9527,48.68,7.41,94.2463,46.99,100.65,71.16,10.9,81.985
406,6/15/16,202.557785,73,2.39,97.35,39.5765,33.235,28.7505,49,7.5099,94.35,46.919,100.559,71.969,10.86,82.8
407,6/16/16,203.162308,72.96,2.35,97.22,39.64,33.595,28.875,48.61,7.48,94.66,46.87,100.41,71.31,11.22,82.71
408,6/17/16,202.406097,72.78,2.41,95.75,39.4,33.79,28.8101,48.4101,7.32,94.05,46.41,98.83,71.28,11.02,82.58
409,6/20/16,203.70961,73.78,2.46,98.17,39.81,34.12,28.88,49.17,7.38,94.3101,46.54,99.2932,72.2501,11.5,84.31
410,6/21/16,204.287857,73.88,2.5,99.79,39.97,34.055,28.815,49.27,7.4,94.6,46.705,97.27,71.92,11.49,84.67
411,6/22/16,203.954636,74.27,2.51,94,39.64,34.09,28.7248,49.5301,7.33,94.65,46.4,99.34,71.92,11.26,85.6083
412,6/23/16,206.610626,74.76,2.355,95.72,39.9,35.46,29.045,50.43,7.49,95.38,47.095,100.17,73.18,11.42,86.71
413,6/24/16,199.191437,72.75,2.4225,92.17,40.06,34.025,27.755,46.915,7.3449,93.52,45.37,96.48,69.66,10.98,82.645
414,6/27/16,195.623962,71.23,2.37,90.52,39.56,32.86,27.19,44.4,7.11,91.45,43.63,94.68,67.46,10.52,79.76
415,6/28/16,199.152237,72.03,2.3686,92.29,39.6,33.22,27.797,45.08,7.15,92.96,44.69,97.01,69.3,10.44,81.4
416,6/29/16,202.543304,72.21,2.45,94.55,40.37,34.09,28.285,46.49,7.31,95.85,45.49,99.0401,71.25,10.56,82.43
417,6/30/16,205.307114,72.885,2.42,95.775,41.135,34.52,28.625,47.87,7.5299,97.91,46,98.609,72.71,11,83.77
418,7/1/16,205.738358,72.65,2.45,95.39,41.34,34.89,28.83,48.16,7.41,98.9,46.24,100.76,72.39,11.01,82.97
419,7/5/16,204.258438,72.11,0,94.6799,41.14,34.44,28.285,47.64,7.352,99.31,45.45,100.29,71.23,10.9613,81.85
420,7/6/16,205.483566,72.155,2.6,94.99,40.7,34.63,28.68,47.9,7.28,99.3,45.43,104.18,71.86,11,81.82
421,7/7/16,205.356125,72.26,2.6399,94.86,40.36,35.44,28.725,48.35,7.3,98.68,45.62,104.154,71.41,11.06,81.99
422,7/8/16,208.413971,73.68,2.63,96.645,41.0099,35.895,29.235,49.09,7.45,99.54,46.93,104.7,73.12,11.39,84.94
423,7/11/16,209.149048,74.3901,2.98,97.23,41.54,35.691,29.525,49.25,7.45,98.23,47.34,104.078,73.36,11.41,86.35
424,7/12/16,210.668167,75.34,2.9,97.5783,41.91,35.72,29.61,50.422,7.4432,97.57,47.405,103.53,74.395,11.45,88.2093
425,7/13/16,210.638763,75.69,0,97.39,39.4,35.73,29.7899,49.93,7.4324,97.61,47.59,102.05,73.8099,11.24,88.8
426,7/14/16,211.814865,75.16,2.7501,98.06,38.49,36.5,29.785,50.475,7.42,97.94,47.98,101.68,74.18,11.42,88.13
427,7/15/16,211.530624,75.01,2.77,98,38.74,36.37,29.8,50.61,7.41,97.72,47.93,102.761,74.59,11.35,88.21
428,7/18/16,212.099091,75.665,2.885,97.84,38,36.43,29.975,50.84,7.49,97.5,48.32,102.87,74.55,11.49,89.27
429,7/19/16,211.883469,75.905,2.8399,97.83,38.04,36.46,29.8337,50.53,7.51,97.3201,47.89,102.2,73.76,11.45,89.42
430,7/20/16,212.765533,76.7,2.7946,98.48,38.25,36.86,30.64,50.95,7.7,106.99,48.0565,104.34,73.93,11.47,91.13
431,7/21/16,211.961868,75.74,2.85,96.24,38.16,36.3,30.53,50.69,7.77,107.33,47.71,107.039,73.85,11.44,89.269
432,7/22/16,212.912552,76,2.84,98.1,38.87,36.515,30.6899,51.15,7.905,107.959,48.32,107.68,74.0704,11.36,89.9
433,7/25/16,212.33429,76.26,2.85,97.0108,38.91,36.47,30.73,50.579,8.19,108.17,48.3,107.87,73.44,11.38,90.26
434,7/26/16,212.432312,76.85,2.97,97.9498,38.92,36.82,30.805,51.16,8.3,108.35,49.58,106.155,70.675,11.26,91.5
435,7/27/16,212.206909,77.18,2.9,98.22,39,37.2,30.835,44.85,7.9901,108.1,49.77,108.67,70.935,11.08,91.98
436,7/28/16,212.45192,77.48,3.03,98.5,39.18,38.2325,30.505,45.44,7.75,108.2,50.93,111.513,70.505,11.0799,93.16
437,7/29/16,212.794937,75.7025,3.35,97.79,38.88,38.45,30.5631,45.1,7.57,107.365,51.08,112,70.665,11.04,89.92
438,8/1/16,212.61853,76.38,3.2501,97.56,38.83,38.995,30.69,45.391,7.55,107.18,51.1425,114.24,69.8074,10.98,90.64
439,8/2/16,211.25621,75.735,3.3,96.07,38.62,39.05,30.5785,45.275,7.52,106.41,50.76,114.23,69,11.01,89.68
440,8/3/16,211.873657,75.9,3.3,96.52,38.64,38.96,30.71,45.66,7.56,106.29,50.77,116.19,69.1,10.93,90.295
441,8/4/16,212.099091,76.66,3.347,97.16,38.77,38.68,30.89,45.6565,7.53,106.515,51.37,116.5,69.06,10.95,91.79
442,8/5/16,213.833832,77.53,3.3301,98.9375,39.12,38.93,31.0225,46.695,7.56,106.78,51.69,115.71,69.82,10.95,93.18
443,8/8/16,213.706421,77.18,3.4,98.51,39.025,38.35,30.955,46.24,7.72,106.44,51.51,113.39,69.645,11.08,92.675
444,8/9/16,213.833832,77.43,3.4501,98.8,39.1,38.7,30.89,46.57,7.5001,106.58,51.97,113.81,68.8599,11.13,93.27
445,8/10/16,213.304581,69.39,3.504,100.7,39.37,38.52,30.9,46.01,7.575,107.37,51.76,112.69,68.8,11.06,88.88
446,8/11/16,214.294464,67.15,3.5,101.71,39.45,38.82,30.945,46.39,7.4401,107.35,51.87,113.55,69.045,11.06,88.95
447,8/12/16,214.108261,68.14,3.38,101.025,39.14,38.6,30.825,46.28,7.4,107.27,51.87,113.647,68.73,10.97,89.19
448,8/15/16,214.725693,69.4,3.37,101.025,39.27,38.985,31.185,46.67,7.46,107.45,52.18,114.67,68.76,10.96,90.84
449,8/16/16,213.618225,69.215,3.35,100.85,39.09,38.6,31.1,46.52,7.459,113.46,51.77,112.53,68.75,10.98,90.045
450,8/17/16,214.020035,69.69,3.4671,99.66,38.78,38.09,30.71,46.2575,7.41,115.9,52.21,112.49,68.95,11,90.21
451,8/18/16,214.50029,69.64,3.5,100.76,38.91,38.4,30.32,46.12,7.89,113.73,52.93,111.975,69.13,10.2764,90.99
452,8/19/16,214.186646,71.12,3.5,100.37,39.33,38.27,30.62,45.92,7.8002,113.66,53.17,111.99,69.05,9.75,93.45
453,8/22/16,214.176849,70.79,3.54,100.3,39.33,38.445,30.64,45.86,7.52,113.87,53.62,114.105,69.15,9.66,93.01
454,8/23/16,214.608109,67.91,3.55,101.15,39.67,38.87,31.015,46.39,7.6099,114.54,53.96,114.17,69.5534,9.76,93.77
455,8/24/16,213.510406,67.212,3.51,101.044,39.7,38.305,31.07,46.0937,7.56,114.38,53.89,110.625,68.84,9.655,92.71
456,8/25/16,213.363373,67.11,3.59,101.68,39.93,38.45,31.3101,46.19,7.51,116.1,54.025,107.481,68.64,10.04,93.53
457,8/26/16,212.961548,67.21,3.5,101.94,39.82,38.805,31.375,45.88,7.5,115.64,54.17,108.74,68.96,9.92,93.62
458,8/29/16,214.010254,68.89,3.56,102.25,40.09,38.71,31.62,45.925,7.52,116.16,54.15,108.13,68.98,9.86,94.21
459,8/30/16,213.657394,68.205,3.45,101.8,40.28,38.48,31.47,46.27,7.51,116.849,54.2265,107.02,69.77,10.23,92.9975
460,8/31/16,213.049774,69.2,3.4601,102.56,40.39,38.43,31.375,46.18,7.47,117.25,54.16,106.95,69.38,10.085,93.3
461,9/1/16,213.05954,70.6,3.5,102.73,40.3,38.41,31.55,45.78,7.63,117.529,54.119,106.08,68.65,10.06,94.5
462,9/2/16,214.020035,70.27,3.55,103.62,40.97,38.51,31.805,45.9,7.81,118.63,54.415,105.745,69.22,10.18,94.21
463,9/6/16,214.666901,70.19,3.58,103.301,41.05,38.45,31.82,45.69,7.73,118.7,54.2,106.31,69.02,10.17,93.58
464,9/7/16,214.647278,70.56,3.6,102.904,38.62,38.64,31.775,45.68,7.6929,118.37,53.74,107,69.24,10.18,94.13
465,9/8/16,214.157242,70.445,3.5554,101.861,38.5,38.5,31.4701,45.75,7.57,117.39,53.387,107.76,68.9,10.53,93.73
466,9/9/16,209.031433,69.76,3.59,100,37.48,37.37,31.03,44.48,7.32,114.54,52.275,105.28,67.89,9.935,91.67
467,9/12/16,212.030472,70.63,3.55,100.34,37.55,37.69,31.41,45.08,7.44,114.64,53.14,106.36,68.67,9.85,93.4
468,9/13/16,208.982422,68.82,3.49,98.82,37.42,37.485,31.03,44.93,7.5,113.28,52.69,104.64,67.62,9.59,91.61
469,9/14/16,208.904022,68.76,3.545,98.53,37.36,37.2,30.9499,44.53,7.38,112.93,52.765,105.87,66.93,9.62,91.16
470,9/15/16,210.991592,70.255,3.6,99.97,37.71,37.755,31.34,45.52,7.4,114.3,53.595,107.56,67.83,9.73,93.21
471,9/16/16,210.176041,70.08,3.5,98.7,37.86,37.69,30.85,45.61,7.38,113.4,53.365,108.56,67.1,9.665,93.21
472,9/19/16,210.215454,69.94,3.6,99.9,38.1,37.94,31.09,45.59,7.375,113.51,53.53,108.01,66.715,9.88,92.34
473,9/20/16,210.225296,69.45,3.62,100.455,37.9,38.23,31.14,45.79,7.36,113.72,53.075,108.7,66.93,9.73,92.1
474,9/21/16,212.589401,69.87,3.55,107.63,38.25,38.47,31.265,45.97,7.4199,114.272,53.26,109.43,66.66,9.68,93.26
475,9/22/16,213.929016,69.45,3.4938,108.12,39.175,38.76,31.72,46.6825,7.39,115.11,53.45,110.66,66.915,10.08,92.72
476,9/23/16,212.756836,69.565,3.5599,107.84,39.19,38.46,31.37,46.27,7.43,114.48,53.21,109.8,66.04,10.49,91.89
477,9/26/16,211.033035,0,0,0,0,0,0,0,0,0,0,0,0,0,0
478,9/27/16,212.34314,69.95,3.5,109.55,38.77,38.845,31.4849,45.91,7.3236,113.42,53.14,107.172,65.5,10.755,92.33
479,9/28/16,213.397125,69.9,3.45,109.23,38.97,38.68,31.4301,46.11,7.405,116.11,53.29,105.59,66.23,10.985,92.81
480,9/29/16,211.466446,68.73,3.45,107.97,39.21,38.125,31.4569,45.25,7.44,111.62,53.69,102.87,65.66,11.2363,93.38
481,9/30/16,213.06221,69.69,3.5199,108.77,39.81,38.935,31.725,45.84,7.4815,112.42,54.355,105.03,66.7399,11.27,94.81
482,10/3/16,212.549973,70.42,3.41,108.479,39.5101,38.84,31.49,45.25,7.6,112.44,53.909,103.86,66.41,10.905,94.48
483,10/4/16,211.466446,70.29,3.5,108.44,39.6,39.05,31.29,44.57,7.68,111.2,53.075,104.6,66.65,10.6,95.0725
484,10/5/16,212.402252,71.2,3.4101,108.83,39.55,39.45,31.575,45.07,7.7,110.74,53.38,105.04,67.535,10.6,95.93
485,10/6/16,212.549973,71.19,3.44,108.5,39.66,39.305,31.46,44.98,7.765,111.75,53.465,103.76,67.35,10.59,99.86
486,10/7/16,211.821045,72.4,3.4597,108.73,39.57,39.615,31.485,44.79,7.75,110.79,52.99,104.11,66.61,10.43,100.57
487,10/10/16,212.924301,73.49,3.4783,109.31,39.8,40.125,31.4777,45.09,7.81,110.6,52.1743,104.44,66.85,10.73,102.375
488,10/11/16,210.235153,72.39,3.497,107.256,39.3,38.7068,30.93,44.22,7.72,109.2,51.06,101.71,65.929,10.5,99.68
489,10/12/16,210.510986,72.07,3.62,108.06,37.525,38.78,30.295,44.42,7.8,109.75,49.99,100.13,66.06,10.54,98.95
490,10/13/16,209.821442,71.28,3.62,107.89,38.05,38.31,30.19,44.11,7.73,109.42,49.9,100.68,65.72,10.52,97.8
491,10/14/16,209.929794,71.94,3.65,108.05,37.57,38.42,30.22,44.21,7.7,109.37,50.03,98.835,66,10.6,98.34
492,10/17/16,209.200897,72.07,3.63,107.43,37.37,38.555,30.2569,44.1,7.7799,108.31,49.7337,99.65,65.01,10.69,98.09
493,10/18/16,210.510986,72.1325,3.62,108.43,37.6,38.8,30.475,44.4699,7.74,108.44,50.03,100.045,65.225,10.68,99.265
494,10/19/16,211.072449,72.02,3.6501,108.52,37.32,38.41,30.35,44.7601,7.72,108.3,49.67,100.11,65.9,10.665,99.78
495,10/20/16,210.678436,71.96,3.57,109.01,36.94,38.49,30.175,44.96,7.71,106.52,50.01,99.98,65.89,10.5,96.67
496,10/21/16,210.776917,73.465,3.5801,109.06,36.6,38.08,30.1406,45.445,7.7547,106.45,49.74,98.9,65.88,10.6,97.72
497,10/24/16,211.673309,74.48,3.48,110.579,36.8,38.21,30.37,45.95,7.99,106.765,50.255,98.41,66.865,10.75,99.16
498,10/25/16,210.964081,74.94,3.59,109.02,36.58,37.595,30.329,45.2141,8,106.895,50.25,97.72,66.035,10.6,98.07
499,10/26/16,210.540527,75.38,3.64,107.92,36.51,36.5401,30.6,45.01,8.04,106.58,50.38,98.145,66.22,10.4,97.73
500,10/27/16,209.97905,74.43,3.5891,106.89,36.5989,36.07,30.4,44.63,8.12,105.61,50.315,105.184,64.02,8.93,96.77
501,10/28/16,209.358475,74.7,4.1199,107.79,37,36.13,30.6846,44.48,8.01,106.05,50.48,104.208,64.18,8.84,96.52
502,10/31/16,209.368332,75.18,4.1001,107.753,36.985,35.95,30.685,44.43,7.73,106.97,50.92,102.615,64.0999,8.59,97.025
503,11/1/16,207.851395,73.825,4.095,106.82,35.41,35.58,30.42,44.45,7.7,104.27,50.75,103.67,63.82,8.41,95.63
504,11/2/16,206.600403,74.8445,4.1505,106.26,35.29,35.39,30.471,44.19,7.23,102.86,50.26,103.48,63.26,8.35,95.72
505,11/3/16,205.65477,74.67,4.1702,107.56,35.13,37.4,30.3,44.23,7.26,103.01,50.79,102.595,63.61,8.4,95.27
506,11/4/16,205.428207,74.52,4.1198,106.44,34.93,38.13,30.27,43.77,7.29,103.45,49.915,103.582,63.7402,8.265,95.165
507,11/7/16,209.959351,75.42,4.1,108.29,35.19,38.52,30.895,44.43,7.25,104.52,51.08,107.251,64.06,8.24,98.04
508,11/8/16,210.904984,75.55,4.17,108.51,35.96,38.92,31.03,44.3601,7.24,105.87,51.83,108.49,63.81,8.28,99.24
509,11/9/16,213.141006,75.59,4.09,107.9,35.63,37.07,31.415,45.18,7.23,107.53,51.91,120.44,68.79,8.9,98
510,11/10/16,213.672913,74.6701,4.08,104.41,36.13,37.66,31.095,44.95,7.28,108.07,50.9,121.32,70.76,9.33,95.99
511,11/11/16,213.180405,75.22,4.06,103.53,35.98,36.715,31.325,45,7.61,108.52,51.56,119.02,70.5036,9.72,97.29
512,11/14/16,213.347855,75.93,4.15,102.91,36.35,36.51,31.465,46.69,7.619,109.06,53.005,121.14,73.0875,9.6456,98.69
513,11/15/16,215.012558,77.67,4.23,103.84,37.71,37.625,31.79,47.3,7.57,109.4,53.94,121.03,73.41,9.69,101.06
514,11/16/16,214.608688,77.795,4.1577,104.03,37.68,37.415,31.58,46.98,7.61,108.91,53.61,119.84,72.6,9.66,101.09
515,11/17/16,215.711929,78.61,4.19,105.61,37.49,38.56,29.995,47.3179,7.64,110.4,53.3,122.07,73.19,9.64,103.28
516,11/18/16,215.229279,79.63,4.1858,105.01,38.17,38.43,30.265,47.79,7.63,111.42,53.06,121.65,73.64,9.7,104.52
517,11/21/16,216.854568,80.81,4.1266,105.57,38.26,38.58,30.08,48.12,7.6,112.567,53.04,123.67,73.725,9.73,105.8
518,11/22/16,217.278137,83,4.1114,105.226,38.53,38.42,29.88,48.385,7.54,114.67,53.47,120.15,73.8526,9.89,106.6
519,11/23/16,217.396332,81.5,4.02,104.023,39.1,39.025,29.645,48.2199,7.56,115.23,53.08,120.733,74.17,10.1,106.88
520,11/25/16,218.204056,82.0147,3.96,104.976,39.2001,39.06,30.0263,48.4789,7.6,116.5,53.339,120.302,74.43,9.97,107.54
521,11/28/16,217.179626,82.5,4.361,104.41,39.06,38.63,29.87,47.81,7.62,116.08,53.375,120.28,73.415,9.94,106.955
522,11/29/16,217.603195,81.719,4.27,105.085,39.035,38.965,29.915,47.57,7.7,115.735,53.89,122.34,73.415,9.67,107.47
523,11/30/16,217.081131,80.24,4.29,103.21,39.08,38.41,29.91,47.43,7.7284,114.83,54.25,118.62,74.4637,9.81,106.77
524,12/1/16,216.283264,75.71,4.21,99.26,38.692,37.71,29.456,47.68,7.7779,115.74,53.3,119.02,75.41,9.995,98.09
525,12/2/16,216.391602,76.07,4.09,99.8,38.5,37.95,29.24,46.893,7.78,116.7,54.205,117.5,75.1014,9.52,100.75
526,12/5/16,217.691849,77.1,4.14,101.82,38.82,38.45,29.56,48.25,7.8,118.12,54.35,116.43,75.52,9.88,102.22
527,12/6/16,218.381378,77.97,4.25,101.27,39.08,38.81,29.27,48.42,7.831,118.261,54.54,117.36,75.98,9.89,102.59
528,12/7/16,221.237961,79.76,4.15,103.28,39.56,39.1101,29.995,49.74,7.96,120.44,55.23,112.52,76.92,9.95,106.36
529,12/8/16,221.779724,78.97,4.16,103.43,40.085,38.92,29.95,50.36,8.06,120.41,55.62,112.74,78.44,10.02,106.98
530,12/9/16,223.119354,77.16,4.21,104.4,40.56,39.0797,30.04,50.18,8.0501,120.76,55.7599,113.58,76.79,10.03,104.04
531,12/12/16,222.863266,77.19,4.15,104.99,40.41,39.76,30.115,49.4023,7.9999,120.13,55.71,113.08,75.76,10.12,103.31
532,12/13/16,224.350647,78.205,4.1301,106.255,40.475,40.52,30.6063,49.64,7.86,120.455,56.41,115.497,76.73,10.12,104.3
533,12/14/16,222.49881,77.9999,4.23,105.97,40.015,40.71,30.545,49.18,7.7701,119.76,56.81,115.964,75.89,9.78,104.2
534,12/15/16,223.414886,79.48,4.24,104.85,40.12,40.665,30.61,49.23,7.77,119.77,60.11,117.501,76.14,10.02,105.91
535,12/16/16,222.977844,79.03,4.18,103.29,39.9,40.23,30.5,48.76,7.71,119.96,58.64,116.6,76.68,10.1,104.85
536,12/19/16,223.463348,79.28,4.12,105.19,39.64,40.04,30.745,48.55,7.72,120.03,58.6115,115.46,76.47,10.11,107.09
537,12/20/16,224.325378,78.76,4.17,105.85,39.74,40,30.495,49.3701,7.9,119.68,59.71,118.56,77.46,10.14,106.85
538,12/21/16,223.701157,78.99,4.26,105.18,39.77,40,30.455,49.82,7.772,119.41,60.38,115.65,77.4,9.94,106.58
539,12/22/16,223.314728,78.97,4.1,104.57,39.63,40.04,30.4199,49.3701,7.76,119.99,60.1,117.475,76.55,9.755,107.59
540,12/23/16,223.641708,78.77,4.22,104.97,39.7,40.28,30.4899,49.39,7.8504,116.39,60.41,118.65,76.5,9.6,107.72
541,12/27/16,224.196579,80.18,4.18,105.18,39.295,40.325,30.72,49.985,7.8201,116.95,61.07,118.17,76.97,9.65,108.97
542,12/28/16,222.343689,79.84,4.16,103.7,38.87,39.885,30.4299,49.385,7.7999,115.66,60.74,117.26,76.15,9.63,107.763
543,12/29/16,222.294174,79.19,4.1934,103.81,39,40.055,30.455,49.45,7.85,116.46,60.69,116.89,75.57,9.7,107.1
544,12/30/16,221.481674,78.51,4.12,103.09,39.31,40.14,30.27,49.49,7.8299,115.74,60.4,115.94,75.235,9.72,105.8
545,1/3/17,223.17601,78.99,4.2003,102.96,38.5464,40.015,30.335,50.03,7.81,116.08,58.75,118.32,75.5,9.81,106.88
546,1/4/17,224.503738,78.93,4.1289,104.24,39.42,40.075,30.12,50.84,8.05,117.52,58.64,118.429,76.97,9.775,107.25
547,1/5/17,224.325378,78.61,4.2,105.96,39.14,39.775,30.185,50.33,8.0799,116.31,57.905,119,76.2,9.7,107.37
548,1/6/17,225.12796,79.09,4.02,108.19,38.81,39.79,30.265,50.77,8.13,116.59,59.1,119.82,75.48,9.53,107.62
549,1/9/17,224.384842,79.82,4.15,108.48,38.73,40.11,30.22,51.32,8.17,115.71,58.955,120.17,72.82,9.3,109.12
550,1/10/17,224.384842,79.3321,4.14,108.323,39.14,40.56,30.4395,51.46,8.15,114.82,58.44,120.334,73.68,9.55,108.43
551,1/11/17,225.018967,80.18,4.17,108.88,39.34,40.71,30.145,51.49,8.11,115.28,58.45,117.21,73.8,9.55,108.74
552,1/12/17,224.454193,80.1,4.13,108.61,39.33,40.13,30.04,51.29,8.15,114.11,58.08,117.12,73.5,9.21,107.9
553,1/13/17,224.969421,81.54,4.2561,108.563,39.94,40.15,30.08,51.63,8.11,114.36,58.39,117.659,73.55,9.295,110.5
554,1/17/17,224.176743,79.72,4.3715,107.73,39.385,39.83,29.875,50.53,8.1567,113.445,57.6,114.58,72.9099,9.1,108.86
555,1/18/17,224.672165,81.4,4.3696,108.83,39.68,39.91,30.035,50.66,8.1,113.769,57.83,115.14,72.99,8.81,110.87
556,1/19/17,223.839874,81.1,4.27,109.694,39.51,39.64,30,50.2,8.1299,113.61,57.9,113.6,72.64,8.39,110.81
557,1/20/17,224.662262,81.39,4.2682,110.51,39.8067,39.31,30.075,50.02,8.1,113.799,57.87,112.818,73.34,8.55,112.1
558,1/23/17,224.077667,81.965,4.28,111.049,39.66,39.27,30.2768,49.98,8.09,113.59,57.9899,112.31,73.47,8.68,112.911
559,1/24/17,225.514389,82.72,4.2362,113.938,40.06,39.34,30.68,50.73,8.06,115.436,58.87,112.39,73.89,8.9099,114.64
560,1/25/17,227.466339,85.0865,4.36,113.88,40.25,40.31,30.74,50.941,8.14,116.67,59.39,113.968,74.0601,9.17,116.645
561,1/26/17,227.228531,83.0903,4.39,113.039,40.22,40.265,30.77,49.45,8.1,117.41,57.58,112.09,69.87,9.95,114.22
562,1/27/17,226.871826,86.25,4.4,113.74,39.85,40.56,30.935,48.96,8.031,117.09,58.38,113.2,69.7,10.04,118.06
563,1/30/17,225.464844,85.91,4.3592,113.52,39.52,40.13,30.74,48.81,7.86,116.11,59.185,113.06,68.06,9.89,115.665
564,1/31/17,225.445023,84.9675,4.29,113.279,39.79,40.34,30.68,48.46,7.96,116.17,58.18,115.516,67.575,9.49,114.83
565,2/1/17,225.534195,85.99,4.437,113.411,39.19,40.845,30.485,48.52,7.522,115,57.5276,116.996,66.78,9.41,117.2
566,2/2/17,225.682831,87.33,4.42,113.25,39.3,39.45,31.21,48.72,7.5,115.28,58.16,115.27,66.465,9.49,117.215
567,2/3/17,227.238434,87.41,4.74,115.24,40.09,39.52,31.31,49.04,7.54,116.19,58.28,115.71,67.77,9.87,117.39
568,2/6/17,226.832184,86.965,4.66,114.42,39.71,39.255,31.219,49.07,7.6399,114.83,58.065,115.97,67.39,10.12,116.98
569,2/7/17,226.842117,87.48,4.616,114.83,39.5,39.36,31.41,48.745,7.668,114.74,58.15,115.99,67.52,10.08,117.02
570,2/8/17,227.139359,86.97,4.58,116.29,39.78,39.18,31.325,48.25,7.68,114.55,58.36,115.395,67.58,9.99,116.035
571,2/9/17,228.486893,86.71,4.63,116.5,40.6,40.165,31.64,49.09,7.64,115.24,57.99,116.548,68.61,9.95,116
572,2/10/17,229.38855,86.6852,4.61,116.825,41.01,39.975,31.5267,49.6,7.7,116.54,58,115.55,69.19,9.8,115.97
573,2/13/17,230.637009,87.21,4.57,117.73,41.26,39.89,31.98,49.45,7.6601,117.2,59.57,116.46,69.88,9.8,116.37
574,2/14/17,231.558472,87.115,4.7,117.22,41.03,38.965,32.175,49.26,7.56,116.89,58.7,116.92,69.775,9.79,115.5
575,2/15/17,232.767303,87.7942,4.62,118.96,41.49,39.41,32.81,50.2,7.44,118.504,59.05,120.545,71.61,9.86,116.27
576,2/16/17,232.569138,88,4.6142,118.91,41.52,39.61,33.655,50.29,7.41,119.17,59.56,118.55,71.195,9.77,114.2
577,2/17/17,232.935745,88.38,4.6101,119.08,41.53,39.9,33.65,50.355,7.29,118.505,59.945,120.953,71.07,9.905,114.32
578,2/21/17,234.322922,90.39,4.69,119.66,41.8723,40.135,34.17,50.075,7.3301,118.4,60.2725,119.3,71.115,10.63,117.56
579,2/22/17,234.114838,90.14,4.71,119.32,41.78,40.4,34.07,50.545,7.26,118.59,59.7,119.156,71.41,10.35,118.29
580,2/23/17,234.273392,89.92,4.6904,118.81,41.82,40.325,34.05,50.49,7.25,118.47,58.92,119.19,71.8427,10.13,117.48
581,2/24/17,234.570633,90.1,5.1,119.03,41.79,40.68,34.23,50.72,7.25,118.79,58.85,117.85,71.785,10.19,118.66
582,2/27/17,234.937225,90.02,5.1999,118.73,42.02,40.73,34.295,51.1345,7.25,118.96,58.871,121.74,72.16,10,119.11
583,2/28/17,234.303101,89.99,5.15,118.503,41.43,40.68,34.145,50.3,7.25,118.03,58.835,124.15,71.16,9.79,118.359
584,3/1/17,237.582764,91.32,5.07,120.41,42.09,41.195,34.4737,51.24,7.24,119.57,59.64,123.825,72.5149,10.06,119.41
585,3/2/17,236.086609,91.12,5.04,119.84,42.32,41.06,34.425,50.86,7.25,118.54,59.34,122.07,71.95,9.94,118.64
586,3/3/17,236.235245,90.33,5.0266,120.05,42.16,41.195,34.289,51.345,7.25,118.54,58.72,123.32,71.39,10,118.65
587,3/6/17,235.531738,90.72,5,120.16,42.0847,41.145,34.16,51.04,7.2499,118.43,58.825,123.78,71.14,10.05,117.89
588,3/7/17,234.828247,91.1,4.92,120.12,42.06,41.01,34.17,50.9301,7.15,118.11,58.847,122.222,70.93,9.98,117.61
589,3/8/17,234.392288,91.55,4.8652,119.91,42.1,41.98,34.015,51.21,7.16,118.42,58.97,123.18,71.38,9.935,117.893
590,3/9/17,234.689529,91.69,4.9112,119.85,42.11,42.19,34.04,51.39,7.09,117.87,58.88,125.372,70.7,9.7,117.746
591,3/10/17,235.511932,93.03,4.8786,120.88,42.39,42.21,34.25,51.65,7.1,118.93,59.48,124,71.26,9.67,120.3
592,3/13/17,235.630829,92.8,4.9574,121.52,42.94,42.365,34.055,52.08,7.12,118.976,59.955,124.28,72.0101,9.49,122.24
593,3/14/17,234.729156,92.7,5,121.51,42.845,42.25,34.105,52.27,7.09,118.48,59.79,124.748,71.205,9.46,122.28
594,3/15/17,236.760376,93.535,4.91,122.27,43.62,42.78,34.32,51.93,7.17,119.42,60.285,127.24,71.86,9.73,124.28
595,3/16/17,236.294678,93.7948,4.95,122.09,43.54,42.5,34.195,52.1,7.2875,119.16,59.98,126.253,72,9.81,125.62
596,3/17/17,235.8797,95.1123,4.95,127.6,43.635,42.68,34.315,52.27,7.28,124.22,60.14,126.17,69.595,9.69,126.87
597,3/20/17,235.620972,94.79,4.92,126.48,43.4,42.43,34.36,52.2901,7.25,124.27,60.4,126.361,69.455,9.68,126.77
598,3/21/17,232.595718,94.255,4.7299,125.6,43.34,42.2,33.9035,50.86,7.16,124.08,59.15,124.133,68.66,9.61,124.71
599,3/22/17,233.143051,95.39,4.7499,126.08,42.92,42.06,34.12,50.88,7.1,125.06,59.06,123.3,68.81,9.59,125.03
600,3/23/17,232.894257,95.32,4.7682,126.75,42.23,42.18,33.9675,50.81,7.2699,125.65,58.85,123.06,68.33,9.612,125.54
601,3/24/17,232.725082,95.61,4.966,127.335,42.25,42.17,34.04,50.3,7.15,125.03,58.75,123.16,67.68,9.7399,127.08
602,3/27/17,232.486252,95.9,4.9,128.58,42.315,42.69,33.99,50.02,7.2,125.04,58.23,125.28,67.54,9.86,128.13
603,3/28/17,234.178009,95.79,4.96,128.93,42.3,42.52,34.06,50.79,7.25,126.29,57.985,124.468,68.54,9.78,127.728
604,3/29/17,234.396927,95.105,4.9808,129.47,42.5011,42.615,33.735,50.49,7.3174,126.45,57.915,124.2,67.98,9.7,127.82
605,3/30/17,235.143295,95.62,4.98,129.67,42.9,42.74,33.77,50.3,7.2001,127.34,57.91,124.44,68.2,9.91,128.63
606,3/31/17,234.595978,95.32,4.9901,130.44,43.34,42.69,33.83,50.65,7.25,126.92,57.62,124.4,68.19,10.15,128.85
607,4/3/17,234.187958,96.25,4.94,129.79,41.9,42.96,33.5847,49.74,7.2501,125.02,57.085,124.782,68.02,9.73,128.56
608,4/4/17,234.337219,96.53,4.85,129.91,41.49,42.35,33.31,49.94,7.1501,124.55,57.265,124.37,68.15,9.425,128.58
609,4/5/17,233.640625,95.98,4.89,129.77,41.52,42.54,33.055,50.51,7.21,123.99,56.82,124.365,68.86,9.35,128
610,4/6/17,234.297424,95.79,4.83,129.96,41.32,42.41,33.09,50.65,7.22,123.06,56.32,124.09,69.23,9.42,128.39
611,4/7/17,234.058578,96.57,4.9,130.24,41.29,42.81,33.067,50.89,7.16,122.59,56.61,125.93,69.64,9.66,129.26
612,4/10/17,234.197906,96.48,4.96,130.06,41.34,42.41,32.985,51.04,7.29,122.63,56.0951,126.03,70.24,9.69,128.96
613,4/11/17,233.919266,95.1,4.985,129.68,42.04,42.5,32.835,51.53,7.2999,122.57,55.72,124.51,69.825,9.65,126.71
614,4/12/17,232.894257,95.32,4.84,129.41,45.69,42.48,32.6,51.3,7.28,122.3,55.18,125.44,70.44,9.36,126.26
615,4/13/17,231.381638,95.36,4.89,129.46,44.94,42.52,32.539,51.4801,7.15,121.93,55.79,124.85,70.57,9.2,125.41
616,4/17/17,233.431656,95.58,4.8377,129.82,45.12,42.625,32.58,52.01,7.25,122.718,55.9001,125,71.38,9.29,127.186
617,4/18/17,232.735031,94.69,4.75,129.94,45.3,42.25,32.62,52.0997,7.505,122.51,56.43,122.91,71.32,9.44,127.5
618,4/19/17,232.307129,97.15,4.74,130.167,45.45,42.7,32.65,52.11,7.21,122.21,56.75,122.98,71.82,9.51,135.37
619,4/20/17,234.197906,98.62,4.74,131.622,45.72,43.24,32.9012,51.29,7.32,123.04,57.62,123.6,72.2,9.26,139.45
620,4/21/17,233.451538,98.34,4.778,131.376,45.94,43.17,32.795,50.32,7.15,123.14,57.75,121.971,71.79,9.4,139.91
621,4/24/17,236.019028,100.91,4.75,132.88,46.41,44.25,33.3,50.91,7.2,125.28,60.5,123.21,72.78,9.84,142.65
622,4/25/17,237.392334,101.745,4.76,133.62,46.7,44.54,33.47,50.8,7.21,125.03,60.66,126.092,69.56,9.76,145.78
623,4/26/17,237.243057,101.02,4.75,133,46.69,44.62,33.455,50.98,7.2501,124.88,59.99,125.545,70.52,9.65,145.6
624,4/27/17,237.442093,104.015,4.8299,133.28,46.62,44.525,33.815,50.89,7.36,123.899,64.225,124.01,70.62,9.32,147.11
625,4/28/17,236.924606,98.15,4.761,133.83,45.95,45.19,34.015,50.69,7.92,122.68,62.871,123.85,70.83,9.02,144.75
626,5/1/17,237.521698,99.21,4.83,135.16,46.25,45.291,33.99,50.73,7.89,121.54,63.28,124.46,70.55,8.82,149.25
627,5/2/17,237.611267,99.39,4.81,135.07,45.935,45.3,34.165,50.45,7.8,121.68,62.6701,123.68,71.27,8.98,149.02
628,5/3/17,237.322662,99.43,4.79,134.655,45.6,45.21,34.265,50.39,6.9,120.57,62.5,123.43,71.735,8.8,149.79
629,5/4/17,237.601303,100.518,4.76,134.8,45.27,45.11,34.17,51,6.87,121.71,62.89,124.354,71.65,8.97,150.26
630,5/5/17,238.536743,100.84,5.9004,134.73,45.6,44.9,34.34,51.4,6.89,122.88,63.38,122.04,71.73,8.89,149.72
631,5/8/17,238.496948,100.58,6.1,134.925,45.71,45.24,34.225,51.39,6.87,120.82,64.68,117.76,71.005,8.89,149.21
632,5/9/17,238.278015,100.86,6.18,135.52,45.52,45.62,33.909,51.23,6.89,121.47,64.88,119.737,71.425,8.85,150.675
633,5/10/17,238.705917,100.64,6.685,136.32,46.115,45.795,33.635,51.31,6.9,121.39,64.6,119.64,71.87,8.89,149.328
634,5/11/17,238.218307,100.49,6.88,135.99,45.865,43.54,33.615,51.4,6.89,122.23,64.6003,119.18,71.18,8.67,149.94
635,5/12/17,237.820236,99.59,6.8201,136.89,45.63,42.595,33.355,51.23,6.84,122.23,64.095,119.3,71.15,8.61,148.98
636,5/15/17,239.133835,101.48,6.82,137.39,46.1,43.32,34.26,51.35,6.85,122.45,64.7,118.96,71.91,8.8697,151.15
637,5/16/17,238.914902,102.05,7.1999,137.995,46.13,43.345,34.235,51.38,6.83,122.23,65.315,119.39,71.645,8.71,152.046
638,5/17/17,234.675583,100.18,7.2527,134.58,45.996,42.96,34.065,49.76,6.85,120.62,65.1,117.34,69.3,8.46,148.61
639,5/18/17,235.620972,100.66,7.28,134.355,45.94,43.1,31.1001,49.91,6.86,120.68,65.77,117.54,69.695,8.51,149.71
640,5/19/17,237.153488,101.885,7.3,136.31,46.52,43.005,31.215,50.1,6.8,120.995,66.51,117.045,70.54,8.6,151.8
641,5/22/17,238.35762,102.62,7.88,138.89,46.93,43.15,31.835,50.03,6.79,121.69,67.32,115.53,71.125,8.65,152.54
642,5/23/17,238.885056,102.49,7.9,139.64,47.36,42.81,31.625,49.96,6.74,122.466,63.78,117.45,71.12,8.8,153.11
643,5/24/17,239.442337,103.38,7.8,140.97,47.15,43,31.41,49.84,6.73,124.8,64.38,117.54,68.62,8.57,152.728
644,5/25/17,240.586746,104.86,7.9,143.04,47.29,43.47,31.47,50.31,6.7851,125.48,65.59,116.97,69.845,8.57,153.76
645,5/26/17,240.537003,104.75,7.97,141.73,47.0321,43.39,31.4401,50.17,6.73,125.26,65.815,117.108,69.76,8.63,155.33
646,5/30/17,240.328018,104.571,8.05,142.495,47.1,43.045,31.735,49.85,6.87,124.49,65.56,115.31,69.79,8.88,156.632
647,5/31/17,240.268311,103.75,7.99,141.87,47.8699,43.215,31.515,49.865,6.75,125.7,66.62,114.22,70.3701,8.63,155.66
648,6/1/17,242.178986,104.68,8.45,141.27,48.44,44.325,31.7557,50.9,6.75,126.52,66.33,116.43,71.595,8.96,155.93
649,6/2/17,242.985046,105.61,8.59,143.34,49.86,45.04,31.99,51.38,6.7101,128.54,66.9,118.84,71.4799,9.08,158.606
650,6/5/17,242.805939,106.365,8.2401,143.728,49.3,44.88,31.685,51.8551,6.8,127.05,67.09,118.12,71.74,8.91,160.33
651,6/6/17,242.029724,107.27,8.12,143.04,47.48,44.41,31.62,51.59,6.76,124.88,67.325,116.73,71.11,8.85,160.91
652,6/7/17,242.477539,108.76,7.81,143.39,47.31,45.0806,31.5338,51.68,6.78,124.61,67.755,117.64,71.99,8.89,162.09
653,6/8/17,242.596939,108.46,8.13,142.14,47.545,45.11,31.725,51.67,6.78,123.41,67.915,116.59,72,9.15,164.405
654,6/9/17,242.228745,102.16,7.87,137.7,47.72,44.69,31.345,52.03,6.76,123.49,65.545,118.785,72.87,9.37,158.3
655,6/12/17,242.178986,100.22,7.8,136.75,47.7701,44.11,31.1925,52.74,6.74,126.07,64.06,119.2,73.71,9.15,153.85
656,6/13/17,243.36322,101.15,7.95,138.984,48.07,44.545,31.76,53.615,6.83,127.47,64.695,119.77,73.3351,9.14,154.82
657,6/14/17,243.054718,98,7.5894,137.379,47.61,44.565,31.44,53.9874,6.8593,127.89,64.73,121.01,73.18,9.03,151.46
658,6/15/17,242.587006,97.21,7.69,137.69,47.93,44.78,31.5544,54.09,6.81,127.98,64.88,120.555,73.29,9.29,148.33
659,6/16/17,242.639999,97.31,7.75,137.59,47.741,44.22,31.465,54.27,6.829,130.01,64.54,122.19,73.26,9.04,147.84
660,6/19/17,244.660004,101.22,8,139.77,47.83,45.025,31.985,54.12,6.7301,131.08,65.81,125.435,73.98,9.11,150.69
661,6/20/17,243.009995,97.98,8.22,141.41,47.81,45.5,31.9499,53.63,6.77,129.97,65.36,126.53,73.4799,9.01,150.54
662,6/21/17,242.949997,97.95,8.35,144.08,47.32,45.73,31.8399,53.32,6.75,129.61,65.96,133.3,73.17,8.74,151.12
663,6/22/17,242.839996,97.08,9.01,144.23,47.1,46.58,31.99,52.905,6.8,129.61,66.75,133.68,73.345,8.68,150.34
664,6/23/17,243.130005,97.52,8.91,145.14,47.54,46.07,32.095,52.92,6.88,129.26,67.2564,133.61,73.52,8.76,152.27
665,6/26/17,243.289993,96.42,8.91,145.12,47.415,46.11,32.2701,53.2,6.7701,129.38,67.5,133.776,73.91,8.8,149.55
666,6/27/17,241.330002,94.01,8.2744,142.819,47.25,45.6,31.91,52.99,6.99,126.44,65.435,131.97,74.245,9.02,145.02
667,6/28/17,243.490005,95.91,8.13,143.82,47.92,45.79,32.155,54.18,7.27,126.84,65.9339,134.261,75.14,9.22,148.06
668,6/29/17,241.350006,92.365,7.87,141.39,46.605,45.45,31.435,53.64,7.15,124.54,64.27,131.44,74.21,9.2018,142.06
669,6/30/17,241.800003,91.92,7.9673,142.56,46.97,45.48,31.415,53.975,7.01,126.4,64.61,130.27,74.48,9.1,142.17
670,7/3/17,242.210007,91.55,7.8,138,47.01,44.73,31.33,53.63,7,125.99,63.46,130.01,75.1,9.12,139.96
671,7/5/17,242.770004,92.2318,7.81,140.97,46.56,45.275,31.115,54.195,7.05,126.29,64.58,133.005,75.355,8.95,142.05
672,7/6/17,240.550003,92.27,8.13,140.468,45.95,44.64,30.72,53.46,7,123.56,64.35,131.51,74.22,8.9,143.51
673,7/7/17,242.110001,94.42,8.32,142.28,46.59,45.01,30.965,53.97,7.16,126.2,65.24,132.79,76.01,8.94,148.74
674,7/10/17,242.369995,95.42,8.469,143.625,46.23,44.86,31.015,54.4,7.2,126.82,67.06,132.005,77.08,8.84,150.79
675,7/11/17,242.190002,96.77,8.295,143.17,46.54,44.465,31.09,54.92,7.14,126.2,67.585,132.65,75.2115,8.72,153.72
676,7/12/17,244.009995,97.685,8.294,145.778,51.475,45.075,31.23,55.08,7.11,127.09,68.29,133.41,75.615,8.86,154.544
677,7/13/17,244.419998,97.26,8.46,145.14,52.31,44.85,31.22,55.285,7.1201,126.35,68.03,135.15,79.39,8.84,154.79
678,7/14/17,245.559998,99.2959,8.3989,146.35,52.79,45.22,31.405,55.87,7.11,126.83,65.94,134.66,80.595,9.11,157.18
679,7/17/17,245.529999,99.04,8.75,146.42,52.185,44.56,31.48,55.21,7.12,126.4,65.82,134.86,80.03,9.04,156.7
680,7/18/17,245.660004,99.35,9.29,147.81,52.34,44.955,31.44,55.76,7.24,125.53,65.39,134.22,80.08,9.02,159.2
681,7/19/17,246.990005,101.4,9.3256,149.21,52.64,45.275,31.945,55.9,7.26,126.12,64.945,134.84,80.915,9.03,164.43
682,7/20/17,247.100006,101.61,9.146,149.62,52.89,45.41,31.885,56.05,7.29,126.76,65.79,136.43,81.17,9.02,164.62
683,7/21/17,246.880005,99.85,9.336,149.44,53.57,44.98,31.835,55.803,7.2899,137.26,64.76,137.677,80.801,8.85,162.861
684,7/24/17,246.820007,100.31,9.37,149.64,53.735,45.225,31.895,56.49,7.2679,137.12,64.295,137.98,81.09,8.81,164.337
685,7/25/17,247.419998,99.05,9.5601,148.455,53.835,45.13,32.155,57.165,7.3,137.09,64.305,136.76,84.08,8.675,164.41
686,7/26/17,247.429993,100.62,9.6299,149.54,53.7,45.105,31.595,56.68,7.27,137.17,65.255,137.36,85.055,8.4199,168.25
687,7/27/17,247.199997,99.07,9.09,145.29,53.06,44.35,31.3961,55.2298,7.295,135.37,63.57,133.382,82.0422,8.18,163.1
688,7/28/17,246.910004,94.45,8.35,146.71,52.9,44.15,31.515,56.06,7.26,135.71,63.76,133.81,82.41,8.38,162.05
689,7/31/17,246.770004,92.81,7.9,146.377,52.59,44.15,31.5,56.58,7.27,135.31,63.51,135.6,82.93,8.43,159.42
690,8/1/17,247.320007,92.34,8.05,147.3,52.309,44.15,31.58,56.49,7.339,135.51,63.71,135.35,83.03,8.37,157.38
691,8/2/17,247.440002,90.33,7.81,146.625,51.65,43.665,31.445,56.21,7.35,135.43,62.29,134.746,82.3,7.65,151
692,8/3/17,246.960007,88.96,7.56,147.821,51.5257,40.005,31.565,56.05,7.1,134.11,62.82,136.19,82.5,7.62,149.679
693,8/4/17,247.410004,88.9899,7.65,147.58,51.38,39.25,31.87,55.92,7.06,134.802,63.17,136.3,82.69,6.35,150.2
694,8/7/17,247.869995,92.25,7.62,148.16,51.77,39.02,31.85,56.35,6.99,134.28,63.87,137.19,83.431,6.07,155.83
695,8/8/17,247.259995,90.681,7.89,147.92,51.91,38.9,31.6332,56.32,7.02,133.46,63.42,135.16,83.21,5.99,155.603
696,8/9/17,247.25,91.291,7.65,147.87,50.97,38.34,31.55,55.98,6.9,133.11,62.66,135.273,82.95,5.85,154.88
697,8/10/17,243.759995,88.67,7.11,145.6,50.96,37.485,31.13,55.68,6.9,131.24,61.99,130.23,83.185,5.65,150.3
698,8/11/17,244.119995,90.35,7.3668,146.63,50.691,38.22,31.46,55.72,6.83,130.29,62.54,130.64,82.8,5.57,153.97
699,8/14/17,246.539993,91.4801,7.93,149.352,51.83,38.57,31.8263,56.91,6.83,133.18,63.12,133.145,83.87,5.73,158.69
700,8/15/17,246.509995,90.79,8.055,150.39,52.12,38.175,32.15,57.12,6.85,133.07,62.64,131.42,84.07,5.73,159.87
701,8/16/17,246.940002,91.77,8.14,151.75,51.451,38.215,32.335,56.74,6.75,133.464,62.7,131.121,84.33,5.7,163.08
702,8/17/17,243.089996,90.2,8.4,148.809,50.86,38.065,30.909,56,6.7,131.36,61.32,127.709,82.92,5.94,159.3
703,8/18/17,242.710007,90.62,8.32,148.23,50.7145,37.56,30.45,55.84,6.71,132.23,61.14,128.33,82.48,6.04,161.17